song_id,time_sec,event_type,strength,duration,parameter,optional_target,notes
song_1,2.983214,camera_pulse,0.017,0.25,,world,selected current musical accent; listening review pending
song_1,2.983214,caustic_boost,0.009,0.48,,world,selected current musical accent; listening review pending
song_1,2.983214,light_boost,0.012,0.6,,world,selected current musical accent; listening review pending
song_1,2.983214,particle_burst,16,0.7,cyan,left,selected current musical accent; listening review pending
song_1,11.982761,camera_pulse,0.017,0.25,,world,selected current musical accent; listening review pending
song_1,11.982761,caustic_boost,0.009,0.48,,world,selected current musical accent; listening review pending
song_1,11.982761,light_boost,0.012,0.6,,world,selected current musical accent; listening review pending
song_1,11.982761,particle_burst,16,0.7,cyan,left,selected current musical accent; listening review pending
song_1,21.585935,camera_pulse,0.017,0.25,,world,selected current musical accent; listening review pending
song_1,21.585935,caustic_boost,0.009,0.48,,world,selected current musical accent; listening review pending
song_1,21.585935,light_boost,0.012,0.6,,world,selected current musical accent; listening review pending
song_1,21.585935,particle_burst,16,0.7,cyan,right,selected current musical accent; listening review pending
song_1,21.585935,camera_follow_wave,3.0,0.65,phrase_focus,right,"Selected existing phrase payoff; read-only visual focus, listening review pending"
song_1,31.184121,camera_pulse,0.017,0.25,,world,selected current musical accent; listening review pending
song_1,31.184121,caustic_boost,0.009,0.48,,world,selected current musical accent; listening review pending
song_1,31.184121,light_boost,0.012,0.6,,world,selected current musical accent; listening review pending
song_1,31.184121,particle_burst,16,0.7,cyan,left,selected current musical accent; listening review pending
song_1,37.175505,camera_pulse,0.017,0.25,,world,selected current musical accent; listening review pending
song_1,37.175505,caustic_boost,0.009,0.48,,world,selected current musical accent; listening review pending
song_1,37.175505,light_boost,0.012,0.6,,world,selected current musical accent; listening review pending
song_1,77.982761,particle_burst,20,0.7,cyan,center,selected current musical accent; listening review pending
song_1,79.783668,camera_pulse,0.017,0.25,,world,selected current musical accent; listening review pending
song_1,79.783668,caustic_boost,0.009,0.48,,world,selected current musical accent; listening review pending
song_1,79.783668,light_boost,0.012,0.6,,world,selected current musical accent; listening review pending
song_1,79.783668,particle_burst,16,0.7,cyan,left,selected current musical accent; listening review pending
song_1,82.178226,camera_follow_wave,3.0,0.65,phrase_focus,right,"Selected existing phrase payoff; read-only visual focus, listening review pending"
song_1,89.376865,camera_pulse,0.017,0.25,,world,selected current musical accent; listening review pending
song_1,89.376865,caustic_boost,0.009,0.48,,world,selected current musical accent; listening review pending
song_1,89.376865,light_boost,0.012,0.6,,world,selected current musical accent; listening review pending
song_1,89.376865,particle_burst,16,0.7,cyan,left,selected current musical accent; listening review pending
song_1,98.386389,camera_pulse,0.017,0.25,,world,selected current musical accent; listening review pending
song_1,98.386389,caustic_boost,0.009,0.48,,world,selected current musical accent; listening review pending
song_1,98.386389,light_boost,0.012,0.6,,world,selected current musical accent; listening review pending
song_1,98.386389,particle_burst,16,0.7,cyan,left,selected current musical accent; listening review pending
song_1,107.984575,camera_pulse,0.017,0.25,,world,selected current musical accent; listening review pending
song_1,107.984575,caustic_boost,0.009,0.48,,world,selected current musical accent; listening review pending
song_1,107.984575,light_boost,0.012,0.6,,world,selected current musical accent; listening review pending
song_1,107.984575,particle_burst,16,0.7,cyan,right,selected current musical accent; listening review pending
song_1,112.175051,camera_follow_wave,3.0,0.65,phrase_focus,right,"Selected existing phrase payoff; read-only visual focus, listening review pending"
song_1,128.318362,camera_pulse,0.017,0.25,,world,selected current musical accent; listening review pending
song_1,128.318362,caustic_boost,0.009,0.48,,world,selected current musical accent; listening review pending
song_1,128.318362,light_boost,0.012,0.6,,world,selected current musical accent; listening review pending
song_1,134.918362,camera_pulse,0.017,0.25,,world,selected current musical accent; listening review pending
song_1,134.918362,caustic_boost,0.009,0.48,,world,selected current musical accent; listening review pending
song_1,134.918362,light_boost,0.012,0.6,,world,selected current musical accent; listening review pending
song_2,7.283441,caustic_boost,0.003,0.48,,world,selected current musical accent; listening review pending
song_2,7.283441,color_pulse,0.009,0.48,cyan,world,selected current musical accent; listening review pending
song_2,7.283441,particle_burst,8,0.7,cyan,left,selected current musical accent; listening review pending
song_2,7.283441,camera_pan,5,0.8,current,left,selected current musical accent; listening review pending
song_2,7.283441,color_pulse,0.025,0.8,teal,world,selected current musical accent; listening review pending
song_2,28.555096,camera_pan,5,0.8,current,right,selected current musical accent; listening review pending
song_2,28.555096,color_pulse,0.025,0.8,teal,world,selected current musical accent; listening review pending
song_2,31.054416,camera_pulse,0.021,0.25,,world,selected current musical accent; listening review pending
song_2,31.054416,caustic_boost,0.009,0.48,,world,selected current musical accent; listening review pending
song_2,31.054416,color_pulse,0.03,0.48,cyan,world,selected current musical accent; listening review pending
song_2,31.054416,particle_burst,16,0.7,cyan,left,selected current musical accent; listening review pending
song_2,37.494779,camera_follow_wave,4.0,0.65,phrase_focus,left,"Selected existing phrase payoff; read-only visual focus, listening review pending"
song_2,43.266661,camera_pulse,0.021,0.25,,world,selected current musical accent; listening review pending
song_2,43.266661,caustic_boost,0.009,0.48,,world,selected current musical accent; listening review pending
song_2,43.266661,color_pulse,0.03,0.48,cyan,world,selected current musical accent; listening review pending
song_2,43.266661,particle_burst,16,0.7,cyan,right,selected current musical accent; listening review pending
song_2,55.483895,camera_pulse,0.021,0.25,,world,selected current musical accent; listening review pending
song_2,55.483895,caustic_boost,0.009,0.48,,world,selected current musical accent; listening review pending
song_2,55.483895,color_pulse,0.03,0.48,cyan,world,selected current musical accent; listening review pending
song_2,55.483895,particle_burst,16,0.7,cyan,right,selected current musical accent; listening review pending
song_2,63.505663,camera_pan,5,0.8,current,right,selected current musical accent; listening review pending
song_2,63.505663,color_pulse,0.025,0.8,teal,world,selected current musical accent; listening review pending
song_2,78.406797,caustic_boost,0.003,0.48,,world,selected current musical accent; listening review pending
song_2,78.406797,color_pulse,0.009,0.48,cyan,world,selected current musical accent; listening review pending
song_2,78.406797,particle_burst,8,0.7,cyan,left,selected current musical accent; listening review pending
song_2,78.406797,camera_follow_wave,4.0,0.65,phrase_focus,left,"Selected existing phrase payoff; read-only visual focus, listening review pending"
song_2,84.088883,camera_pan,5,0.8,current,left,selected current musical accent; listening review pending
song_2,84.088883,color_pulse,0.025,0.8,teal,world,selected current musical accent; listening review pending
song_2,92.340130,camera_pulse,0.021,0.25,,world,selected current musical accent; listening review pending
song_2,92.340130,caustic_boost,0.009,0.48,,world,selected current musical accent; listening review pending
song_2,92.340130,color_pulse,0.03,0.48,cyan,world,selected current musical accent; listening review pending
song_2,92.340130,particle_burst,16,0.7,cyan,right,selected current musical accent; listening review pending
song_2,104.123350,camera_pulse,0.021,0.25,,world,selected current musical accent; listening review pending
song_2,104.123350,caustic_boost,0.009,0.48,,world,selected current musical accent; listening review pending
song_2,104.123350,color_pulse,0.03,0.48,cyan,world,selected current musical accent; listening review pending
song_2,104.123350,particle_burst,16,0.7,cyan,right,selected current musical accent; listening review pending
song_2,106.912012,camera_follow_wave,4.0,0.65,phrase_focus,left,"Selected existing phrase payoff; read-only visual focus, listening review pending"
song_2,116.984121,camera_pulse,0.021,0.25,,world,selected current musical accent; listening review pending
song_2,116.984121,caustic_boost,0.009,0.48,,world,selected current musical accent; listening review pending
song_2,116.984121,color_pulse,0.03,0.48,cyan,world,selected current musical accent; listening review pending
song_2,116.984121,particle_burst,16,0.7,cyan,left,selected current musical accent; listening review pending
song_2,116.984121,camera_pan,5,0.8,current,right,selected current musical accent; listening review pending
song_2,116.984121,color_pulse,0.025,0.8,teal,world,selected current musical accent; listening review pending
song_2,126.193192,camera_pulse,0.021,0.25,,world,selected current musical accent; listening review pending
song_2,126.193192,caustic_boost,0.009,0.48,,world,selected current musical accent; listening review pending
song_2,126.193192,color_pulse,0.03,0.48,cyan,world,selected current musical accent; listening review pending
song_3,16.128339,camera_pulse,0.026,0.25,,world,selected current musical accent; listening review pending
song_3,16.128339,camera_kick,6,0.2,,left,selected current musical accent; listening review pending
song_3,16.128339,caustic_boost,0.009,0.48,,world,selected current musical accent; listening review pending
song_3,16.128339,color_pulse,0.03,0.48,vent,world,selected current musical accent; listening review pending
song_3,16.128339,particle_burst,16,0.7,vent,left,selected current musical accent; listening review pending
song_3,37.723895,camera_drop,0.034,0.7,pressure,world,selected current musical accent; listening review pending
song_3,37.883895,camera_pulse,0.026,0.25,,world,selected current musical accent; listening review pending
song_3,37.883895,camera_kick,6,0.2,,left,selected current musical accent; listening review pending
song_3,37.883895,caustic_boost,0.009,0.48,,world,selected current musical accent; listening review pending
song_3,37.883895,color_pulse,0.03,0.48,vent,world,selected current musical accent; listening review pending
song_3,37.883895,particle_burst,24,0.8,vent,center,selected current musical accent; listening review pending
song_3,37.883895,world_flash,0.035,0.35,navy,world,selected current musical accent; listening review pending
song_3,48.335142,camera_pulse,0.026,0.25,,world,selected current musical accent; listening review pending
song_3,48.335142,camera_kick,6,0.2,,left,selected current musical accent; listening review pending
song_3,48.335142,caustic_boost,0.009,0.48,,world,selected current musical accent; listening review pending
song_3,48.335142,color_pulse,0.03,0.48,vent,world,selected current musical accent; listening review pending
song_3,48.335142,camera_follow_wave,4.5,0.65,phrase_focus,left,"Selected existing phrase payoff; read-only visual focus, listening review pending"
song_3,58.641718,camera_pulse,0.026,0.25,,world,selected current musical accent; listening review pending
song_3,58.641718,camera_kick,6,0.2,,left,selected current musical accent; listening review pending
song_3,58.641718,caustic_boost,0.009,0.48,,world,selected current musical accent; listening review pending
song_3,58.641718,color_pulse,0.03,0.48,vent,world,selected current musical accent; listening review pending
song_3,72.490244,camera_pulse,0.026,0.25,,world,selected current musical accent; listening review pending
song_3,72.490244,camera_kick,6,0.2,,left,selected current musical accent; listening review pending
song_3,72.490244,caustic_boost,0.009,0.48,,world,selected current musical accent; listening review pending
song_3,72.490244,color_pulse,0.03,0.48,vent,world,selected current musical accent; listening review pending
song_3,82.642171,camera_pulse,0.026,0.25,,world,selected current musical accent; listening review pending
song_3,82.642171,camera_kick,6,0.2,,left,selected current musical accent; listening review pending
song_3,82.642171,caustic_boost,0.009,0.48,,world,selected current musical accent; listening review pending
song_3,82.642171,color_pulse,0.03,0.48,vent,world,selected current musical accent; listening review pending
song_3,88.194552,camera_follow_wave,4.5,0.65,phrase_focus,right,"Selected existing phrase payoff; read-only visual focus, listening review pending"
song_3,106.218588,caustic_boost,0.003,0.48,,world,selected current musical accent; listening review pending
song_3,106.218588,color_pulse,0.009,0.48,vent,world,selected current musical accent; listening review pending
song_3,112.483985,camera_drop,0.034,0.7,pressure,world,selected current musical accent; listening review pending
song_3,112.643985,particle_burst,24,0.8,vent,center,selected current musical accent; listening review pending
song_3,112.643985,world_flash,0.035,0.35,navy,world,selected current musical accent; listening review pending
song_3,120.645799,camera_pulse,0.026,0.25,,world,selected current musical accent; listening review pending
song_3,120.645799,camera_kick,6,0.2,,left,selected current musical accent; listening review pending
song_3,120.645799,caustic_boost,0.009,0.48,,world,selected current musical accent; listening review pending
song_3,120.645799,color_pulse,0.03,0.48,vent,world,selected current musical accent; listening review pending
song_3,133.641264,camera_pulse,0.026,0.25,,world,selected current musical accent; listening review pending
song_3,133.641264,camera_kick,6,0.2,,right,selected current musical accent; listening review pending
song_3,133.641264,caustic_boost,0.009,0.48,,world,selected current musical accent; listening review pending
song_3,133.641264,color_pulse,0.03,0.48,vent,world,selected current musical accent; listening review pending
song_3,133.641264,particle_burst,16,0.7,vent,right,selected current musical accent; listening review pending
song_3,141.488430,camera_follow_wave,4.5,0.65,phrase_focus,right,"Selected existing phrase payoff; read-only visual focus, listening review pending"
song_3,144.257137,camera_pulse,0.026,0.25,,world,selected current musical accent; listening review pending
song_3,144.257137,camera_kick,6,0.2,,right,selected current musical accent; listening review pending
song_3,144.257137,caustic_boost,0.009,0.48,,world,selected current musical accent; listening review pending
song_3,144.257137,color_pulse,0.03,0.48,vent,world,selected current musical accent; listening review pending
song_3,144.257137,particle_burst,16,0.7,vent,right,selected current musical accent; listening review pending
song_3,155.112466,camera_pulse,0.026,0.25,,world,selected current musical accent; listening review pending
song_3,155.112466,camera_kick,6,0.2,,right,selected current musical accent; listening review pending
song_3,155.112466,caustic_boost,0.009,0.48,,world,selected current musical accent; listening review pending
song_3,155.112466,color_pulse,0.03,0.48,vent,world,selected current musical accent; listening review pending
song_3,155.112466,particle_burst,16,0.7,vent,right,selected current musical accent; listening review pending
song_3,174.114280,caustic_boost,0.003,0.48,,world,selected current musical accent; listening review pending
song_3,174.114280,color_pulse,0.009,0.48,vent,world,selected current musical accent; listening review pending
