song_id,event_index,start_time_sec,target_time_sec,side,pattern_id,accent_class,accent_strength,gameplay_bpm,pulse_sec,source_bpm
custom_shark_in_a_pool,1,0.561,1.583,L,b1,beat_accent,0.551,234.90767,0.25542,117.453835
custom_shark_in_a_pool,2,2.476,3.498,R,b1,strong_percussion,1.231,234.90767,0.25542,117.453835
custom_shark_in_a_pool,3,3.626,4.648,L,s1,beat_accent,0.466,234.90767,0.25542,117.453835
custom_shark_in_a_pool,4,4.775,5.797,R,s2,beat_accent,0.689,234.90767,0.25542,117.453835
custom_shark_in_a_pool,5,6.691,7.713,L,s1,beat_accent,0.904,234.90767,0.25542,117.453835
custom_shark_in_a_pool,6,8.223,9.245,R,s2,beat_accent,0.378,234.90767,0.25542,117.453835
custom_shark_in_a_pool,7,9.373,10.394,L,s1,strong_percussion,1.169,234.90767,0.25542,117.453835
custom_shark_in_a_pool,8,10.522,11.544,R,s2,beat_accent,0.407,234.90767,0.25542,117.453835
custom_shark_in_a_pool,9,11.672,12.693,L,m2,section_lift,0.997,234.90767,0.25542,117.453835
custom_shark_in_a_pool,10,13.715,14.737,R,s2,beat_accent,0.81,234.90767,0.25542,117.453835
custom_shark_in_a_pool,11,15.631,16.652,L,s1,section_lift,0.471,234.90767,0.25542,117.453835
custom_shark_in_a_pool,12,17.419,18.44,R,m2,strong_percussion,1.151,234.90767,0.25542,117.453835
custom_shark_in_a_pool,13,19.079,20.1,L,m3,strong_percussion,0.992,234.90767,0.25542,117.453835
custom_shark_in_a_pool,14,20.484,21.505,R,s2,beat_accent,0.506,234.90767,0.25542,117.453835
custom_shark_in_a_pool,15,22.016,23.038,L,m2,beat_accent,0.772,234.90767,0.25542,117.453835
custom_shark_in_a_pool,16,23.676,24.698,R,m3,beat_accent,0.78,234.90767,0.25542,117.453835
custom_shark_in_a_pool,17,25.975,26.997,L,m2,section_lift,0.687,234.90767,0.25542,117.453835
custom_shark_in_a_pool,18,27.891,28.912,R,m2,beat_accent,0.828,234.90767,0.25542,117.453835
custom_shark_in_a_pool,19,29.168,30.19,L,m3,beat_accent,0.448,234.90767,0.25542,117.453835
custom_shark_in_a_pool,20,30.445,31.467,R,m2,beat_accent,0.805,234.90767,0.25542,117.453835
custom_shark_in_a_pool,21,31.722,32.744,L,m2,strong_percussion,1.066,234.90767,0.25542,117.453835
custom_shark_in_a_pool,22,33.255,34.276,R,s2,beat_accent,0.872,234.90767,0.25542,117.453835
custom_shark_in_a_pool,23,34.787,35.809,L,s1,strong_percussion,1.104,234.90767,0.25542,117.453835
custom_shark_in_a_pool,24,36.83,37.852,R,s2,beat_accent,0.9,234.90767,0.25542,117.453835
custom_shark_in_a_pool,25,38.108,39.129,L,m3,beat_accent,0.614,234.90767,0.25542,117.453835
custom_shark_in_a_pool,26,40.151,41.173,R,m1,beat_accent,0.902,234.90767,0.25542,117.453835
custom_shark_in_a_pool,27,42.194,43.216,L,m2,strong_percussion,1.105,234.90767,0.25542,117.453835
custom_shark_in_a_pool,28,43.727,44.748,R,m3,strong_percussion,1.217,234.90767,0.25542,117.453835
custom_shark_in_a_pool,29,45.77,46.792,L,s1,strong_percussion,1.408,234.90767,0.25542,117.453835
custom_shark_in_a_pool,30,47.303,48.324,R,s2,section_lift,0.924,234.90767,0.25542,117.453835
custom_shark_in_a_pool,31,48.58,49.601,L,m3,strong_percussion,1.494,234.90767,0.25542,117.453835
custom_shark_in_a_pool,32,49.857,50.878,R,s2,section_lift,0.834,234.90767,0.25542,117.453835
custom_shark_in_a_pool,33,51.9,52.922,L,s1,strong_percussion,0.981,234.90767,0.25542,117.453835
custom_shark_in_a_pool,34,53.177,54.199,R,m1,beat_accent,0.623,234.90767,0.25542,117.453835
custom_shark_in_a_pool,35,54.454,55.476,L,m2,beat_accent,0.903,234.90767,0.25542,117.453835
custom_shark_in_a_pool,36,56.753,57.775,R,m1,beat_accent,0.718,234.90767,0.25542,117.453835
custom_shark_in_a_pool,37,58.03,59.052,L,m1,beat_accent,0.582,234.90767,0.25542,117.453835
custom_shark_in_a_pool,38,59.307,60.329,R,m1,beat_accent,0.41,234.90767,0.25542,117.453835
custom_shark_in_a_pool,39,62.117,63.139,L,m2,beat_accent,0.492,234.90767,0.25542,117.453835
custom_shark_in_a_pool,40,64.033,65.054,R,m1,beat_accent,0.398,234.90767,0.25542,117.453835
custom_shark_in_a_pool,41,65.182,66.204,L,m1,beat_accent,0.387,234.90767,0.25542,117.453835
custom_shark_in_a_pool,42,66.459,67.481,R,m2,beat_accent,0.512,234.90767,0.25542,117.453835
custom_shark_in_a_pool,43,68.119,69.141,L,b1,beat_accent,0.375,234.90767,0.25542,117.453835
custom_shark_in_a_pool,44,70.29,71.312,R,m2,beat_accent,0.462,234.90767,0.25542,117.453835
custom_shark_in_a_pool,45,72.206,73.228,L,m1,beat_accent,0.504,234.90767,0.25542,117.453835
custom_shark_in_a_pool,46,73.994,75.016,R,m1,beat_accent,0.69,234.90767,0.25542,117.453835
custom_shark_in_a_pool,47,75.782,76.804,L,m1,section_lift,0.822,234.90767,0.25542,117.453835
custom_shark_in_a_pool,48,77.314,78.336,R,m1,section_lift,0.913,234.90767,0.25542,117.453835
custom_shark_in_a_pool,49,78.591,79.613,L,m3,strong_percussion,1.064,234.90767,0.25542,117.453835
custom_shark_in_a_pool,50,79.869,80.89,R,m2,strong_percussion,1.16,234.90767,0.25542,117.453835
custom_shark_in_a_pool,51,81.401,82.423,L,m2,strong_percussion,1.065,234.90767,0.25542,117.453835
custom_shark_in_a_pool,52,82.678,83.7,R,m3,strong_percussion,1.005,234.90767,0.25542,117.453835
custom_shark_in_a_pool,53,84.466,85.488,L,m1,beat_accent,0.476,234.90767,0.25542,117.453835
custom_shark_in_a_pool,54,85.999,87.02,R,m2,strong_percussion,0.874,234.90767,0.25542,117.453835
custom_shark_in_a_pool,55,88.17,89.191,L,m3,beat_accent,0.443,234.90767,0.25542,117.453835
custom_shark_in_a_pool,56,89.958,90.979,R,m2,beat_accent,0.504,234.90767,0.25542,117.453835
custom_shark_in_a_pool,57,92.256,93.278,L,s1,beat_accent,1.05,234.90767,0.25542,117.453835
custom_shark_in_a_pool,58,93.534,94.555,R,m3,section_lift,0.488,234.90767,0.25542,117.453835
custom_shark_in_a_pool,59,95.321,96.343,L,m2,beat_accent,0.994,234.90767,0.25542,117.453835
custom_shark_in_a_pool,60,97.109,98.131,R,m2,section_lift,0.506,234.90767,0.25542,117.453835
custom_shark_in_a_pool,61,98.259,99.28,L,s1,strong_percussion,0.839,234.90767,0.25542,117.453835
custom_shark_in_a_pool,62,100.43,101.452,R,s2,beat_accent,0.754,234.90767,0.25542,117.453835
custom_shark_in_a_pool,63,102.729,103.75,L,s1,section_lift,0.654,234.90767,0.25542,117.453835
custom_shark_in_a_pool,64,104.517,105.538,R,s2,beat_accent,1.018,234.90767,0.25542,117.453835
custom_shark_in_a_pool,65,106.305,107.326,L,m2,beat_accent,0.861,234.90767,0.25542,117.453835
custom_shark_in_a_pool,66,107.837,108.859,R,m2,beat_accent,1.046,234.90767,0.25542,117.453835
custom_shark_in_a_pool,67,109.37,110.391,L,m3,section_lift,1.071,234.90767,0.25542,117.453835
custom_shark_in_a_pool,68,110.647,111.668,R,s2,strong_percussion,1.276,234.90767,0.25542,117.453835
custom_shark_in_a_pool,69,111.796,112.818,L,m2,beat_accent,0.399,234.90767,0.25542,117.453835
custom_shark_in_a_pool,70,112.945,113.967,R,s2,strong_percussion,1.422,234.90767,0.25542,117.453835
custom_shark_in_a_pool,71,114.989,116.01,L,s1,strong_percussion,1.355,234.90767,0.25542,117.453835
custom_shark_in_a_pool,72,116.521,117.543,R,m2,strong_percussion,1.232,234.90767,0.25542,117.453835
custom_shark_in_a_pool,73,118.565,119.586,L,m3,beat_accent,0.596,234.90767,0.25542,117.453835
custom_shark_in_a_pool,74,120.608,121.63,R,m2,beat_accent,0.632,234.90767,0.25542,117.453835
custom_shark_in_a_pool,75,122.396,123.418,L,m2,section_lift,0.369,234.90767,0.25542,117.453835
custom_shark_in_a_pool,76,124.439,125.461,R,s2,beat_accent,0.486,234.90767,0.25542,117.453835
custom_shark_in_a_pool,77,125.716,126.738,L,m2,beat_accent,0.556,234.90767,0.25542,117.453835
custom_shark_in_a_pool,78,126.993,128.015,R,s2,beat_accent,0.699,234.90767,0.25542,117.453835
custom_shark_in_a_pool,79,128.781,129.803,L,m3,beat_accent,0.588,234.90767,0.25542,117.453835
custom_shark_in_a_pool,80,130.569,131.591,R,s2,beat_accent,0.595,234.90767,0.25542,117.453835
custom_shark_in_a_pool,81,133.379,134.401,L,m1,beat_accent,0.727,234.90767,0.25542,117.453835
custom_shark_in_a_pool,82,134.911,135.933,R,m1,beat_accent,0.704,234.90767,0.25542,117.453835
custom_shark_in_a_pool,83,136.061,137.083,L,s1,section_lift,0.418,234.90767,0.25542,117.453835
custom_shark_in_a_pool,84,137.466,138.487,R,m2,section_lift,0.963,234.90767,0.25542,117.453835
custom_shark_in_a_pool,85,138.615,139.637,L,m3,strong_percussion,0.98,234.90767,0.25542,117.453835
custom_shark_in_a_pool,86,139.892,140.914,R,s2,section_lift,0.566,234.90767,0.25542,117.453835
custom_shark_in_a_pool,87,141.425,142.446,L,m2,beat_accent,0.766,234.90767,0.25542,117.453835
custom_shark_in_a_pool,88,143.468,144.49,R,s2,strong_percussion,1.099,234.90767,0.25542,117.453835
custom_shark_in_a_pool,89,144.617,145.639,L,s1,section_lift,1.013,234.90767,0.25542,117.453835
custom_shark_in_a_pool,90,146.278,147.299,R,m2,strong_percussion,0.963,234.90767,0.25542,117.453835
custom_shark_in_a_pool,91,147.555,148.576,L,s1,beat_accent,0.588,234.90767,0.25542,117.453835
custom_shark_in_a_pool,92,148.832,149.854,R,m1,strong_percussion,0.921,234.90767,0.25542,117.453835
custom_shark_in_a_pool,93,149.981,151.003,L,m1,beat_accent,0.416,234.90767,0.25542,117.453835
custom_shark_in_a_pool,94,151.131,152.152,R,m1,beat_accent,0.806,234.90767,0.25542,117.453835
custom_shark_in_a_pool,95,152.919,153.94,L,m2,strong_percussion,0.857,234.90767,0.25542,117.453835
custom_shark_in_a_pool,96,155.217,156.239,R,m1,beat_accent,0.511,234.90767,0.25542,117.453835
custom_shark_in_a_pool,97,156.494,157.516,L,m1,beat_accent,0.524,234.90767,0.25542,117.453835
custom_shark_in_a_pool,98,157.899,158.921,R,m1,section_lift,0.365,234.90767,0.25542,117.453835
custom_shark_in_a_pool,99,159.432,160.453,L,m2,section_lift,0.413,234.90767,0.25542,117.453835
custom_shark_in_a_pool,100,160.709,161.731,R,m3,section_lift,0.373,234.90767,0.25542,117.453835
custom_shark_in_a_pool,101,162.497,163.518,L,m1,beat_accent,0.54,234.90767,0.25542,117.453835
custom_shark_in_a_pool,102,164.285,165.306,R,m2,section_lift,0.435,234.90767,0.25542,117.453835
custom_shark_in_a_pool,103,166.584,167.605,L,b1,beat_accent,0.477,234.90767,0.25542,117.453835
custom_shark_in_a_pool,104,168.882,169.904,R,m1,section_lift,0.487,234.90767,0.25542,117.453835
custom_shark_in_a_pool,105,170.159,171.181,L,m1,section_lift,0.462,234.90767,0.25542,117.453835
custom_shark_in_a_pool,106,171.436,172.458,R,m1,beat_accent,0.638,234.90767,0.25542,117.453835
custom_shark_in_a_pool,107,172.714,173.735,L,m1,beat_accent,0.742,234.90767,0.25542,117.453835
custom_shark_in_a_pool,108,174.246,175.268,R,m2,section_lift,0.946,234.90767,0.25542,117.453835
custom_shark_in_a_pool,109,175.779,176.8,L,m1,section_lift,1.116,234.90767,0.25542,117.453835
custom_shark_in_a_pool,110,177.056,178.077,R,m2,strong_percussion,1.307,234.90767,0.25542,117.453835
custom_shark_in_a_pool,111,178.333,179.354,L,m1,strong_percussion,1.403,234.90767,0.25542,117.453835
custom_shark_in_a_pool,112,179.865,180.887,R,m3,strong_percussion,1.289,234.90767,0.25542,117.453835
custom_shark_in_a_pool,113,181.142,182.164,L,m2,strong_percussion,1.234,234.90767,0.25542,117.453835
custom_shark_in_a_pool,114,182.93,183.952,R,m1,beat_accent,0.725,234.90767,0.25542,117.453835
custom_shark_in_a_pool,115,185.229,186.251,L,m1,beat_accent,0.746,234.90767,0.25542,117.453835
custom_shark_in_a_pool,116,187.272,188.294,R,m1,beat_accent,0.422,234.90767,0.25542,117.453835
custom_shark_in_a_pool,117,189.316,190.338,L,m2,beat_accent,0.523,234.90767,0.25542,117.453835
custom_shark_in_a_pool,118,190.593,191.615,R,m1,beat_accent,0.432,234.90767,0.25542,117.453835
custom_shark_in_a_pool,119,192.125,193.147,L,m1,section_lift,0.384,234.90767,0.25542,117.453835
custom_shark_in_a_pool,120,194.169,195.19,R,m1,beat_accent,0.425,234.90767,0.25542,117.453835
custom_shark_in_a_pool,121,195.446,196.468,L,m3,beat_accent,0.457,234.90767,0.25542,117.453835
custom_shark_in_a_pool,122,199.533,200.554,R,b1,section_lift,0.479,234.90767,0.25542,117.453835
custom_shark_in_a_pool,123,203.747,204.769,L,b1,section_lift,0.375,234.90767,0.25542,117.453835
custom_shark_in_a_pool,124,205.28,206.301,R,b1,section_lift,0.541,234.90767,0.25542,117.453835
custom_shark_in_a_pool,125,206.557,207.578,L,b1,section_lift,0.65,234.90767,0.25542,117.453835
custom_shark_in_a_pool,126,207.834,208.855,R,b1,section_lift,0.765,234.90767,0.25542,117.453835
custom_shark_in_a_pool,127,209.366,210.388,L,b1,section_lift,0.937,234.90767,0.25542,117.453835
custom_shark_in_a_pool,128,210.643,211.665,R,b1,strong_percussion,1.12,234.90767,0.25542,117.453835
custom_shark_in_a_pool,129,211.92,212.942,L,b1,strong_percussion,1.256,234.90767,0.25542,117.453835
custom_shark_in_a_pool,130,213.453,214.475,R,b1,strong_percussion,1.319,234.90767,0.25542,117.453835
custom_shark_in_a_pool,131,214.73,215.752,L,b1,strong_percussion,1.067,234.90767,0.25542,117.453835
