index,start_time_sec,target_time_sec,side,pattern_id,accent_score
1,4.096,5.888,L,m3,5.897
2,6.784,8.576,L,b1,9.787
3,9.024,10.816,R,m3,5.308
4,11.04,12.832,R,b1,7.684
5,14.176,15.968,L,b1,7.349
6,16.864,18.656,L,b1,13.728
7,19.552,21.344,R,b1,9.514
8,23.36,25.152,R,b1,8.358
9,26.496,28.288,L,b1,8.769
10,30.08,31.872,L,b1,9.909
11,33.44,35.232,R,b1,8.236
12,35.456,37.248,R,m2,3.458
13,37.472,39.264,L,b1,6.368
14,39.712,41.504,L,m3,4.877
15,42.4,44.192,R,m3,5.747
16,44.416,46.208,R,m2,3.183
17,46.88,48.672,L,b1,6.532
18,49.568,51.36,L,b1,8.207
19,52.032,53.824,R,m3,5.446
20,56.512,58.304,R,b1,6.53
21,60.096,61.888,L,b1,8.521
22,63.68,65.472,L,b1,6.907
23,67.264,69.056,R,b1,6.85
24,69.952,71.744,R,b1,7.663
25,74.208,76.0,L,m3,4.662
26,77.568,79.36,L,m3,4.362
27,80.256,82.048,R,b1,7.589
28,83.84,85.632,R,m2,3.755
29,86.304,88.096,L,m3,4.908
30,88.992,90.784,L,m3,5.722
31,91.008,92.8,R,s2,3.4
32,93.024,94.816,R,b1,6.958
33,96.16,97.952,L,s1,3.19
34,98.848,100.64,L,b1,6.577
35,102.656,104.448,R,b1,5.951
36,105.344,107.136,R,m2,4.104
37,107.584,109.376,L,m3,5.924
38,109.824,111.616,L,m1,3.495
39,112.064,113.856,R,b1,9.934
40,114.752,116.544,R,b1,5.944
41,117.664,119.456,L,b1,8.97
42,121.248,123.04,L,b1,9.683
43,123.488,125.28,R,b1,6.454
44,127.072,128.864,R,b1,6.29
45,129.76,131.552,L,m3,4.96
46,133.12,134.912,L,b1,7.256
47,136.704,138.496,R,m3,5.342
48,140.288,142.08,R,m2,3.342
49,143.872,145.664,L,b1,6.865
50,146.56,148.352,L,b1,12.352
51,149.92,151.712,R,b1,7.243
52,152.608,154.4,R,m2,4.289
53,156.192,157.984,L,m3,4.74
54,158.656,160.448,L,m1,3.927
55,161.344,163.136,R,s2,3.994
56,163.584,165.376,R,m3,4.435
57,166.72,168.512,L,s1,4.228
58,168.736,170.528,L,m3,4.301
59,171.2,172.992,R,b1,7.3
60,175.008,176.8,R,m3,5.573
61,179.488,181.28,L,s1,3.818
62,183.52,185.312,L,m1,3.689
63,185.984,187.776,R,m3,4.355
64,188.0,189.792,R,m3,5.401
