index,start_time_sec,target_time_sec,side,pattern_id,game_bpm,pulse_duration_sec,timing_grid,nearest_musical_beat_sec
1,1.778232000000,2.978232,L,s1,200.000000,0.300000000000,v2_current_mp3_accent_review,2.977500
2,4.177778000000,5.377778,R,m1,200.000000,0.300000000000,v2_current_mp3_accent_review,5.377500
3,5.824037000000,7.024037,R,s2,200.000000,0.300000000000,v2_current_mp3_accent_review,6.877500
4,7.480272000000,8.680272,L,m2,200.000000,0.300000000000,v2_current_mp3_accent_review,8.677500
5,9.091610000000,10.291610,L,m1,200.000000,0.300000000000,v2_current_mp3_accent_review,10.177500
6,11.376418000000,12.576418,R,s1,200.000000,0.300000000000,v2_current_mp3_accent_review,12.577500
7,13.775964000000,14.975964,R,s1,200.000000,0.300000000000,v2_current_mp3_accent_review,14.977500
8,16.175511000000,17.375511,L,m1,200.000000,0.300000000000,v2_current_mp3_accent_review,17.377500
9,18.575057000000,19.775057,L,s2,200.000000,0.300000000000,v2_current_mp3_accent_review,19.777500
10,20.974604000000,22.174604,R,m2,200.000000,0.300000000000,v2_current_mp3_accent_review,22.177500
11,23.374150000000,24.574150,R,m1,200.000000,0.300000000000,v2_current_mp3_accent_review,24.577500
12,25.773696000000,26.973696,L,s1,200.000000,0.300000000000,v2_current_mp3_accent_review,26.977500
13,28.178232000000,29.378232,L,s1,200.000000,0.300000000000,v2_current_mp3_accent_review,29.377500
14,29.984127000000,31.184127,R,m1,200.000000,0.300000000000,v2_current_mp3_accent_review,31.177500
15,31.775057000000,32.975057,R,s2,200.000000,0.300000000000,v2_current_mp3_accent_review,32.977500
16,33.585941000000,34.785941,L,m2,200.000000,0.300000000000,v2_current_mp3_accent_review,34.777500
17,35.376871000000,36.576871,L,m1,200.000000,0.300000000000,v2_current_mp3_accent_review,36.577500
18,37.182767000000,38.382767,R,s1,200.000000,0.300000000000,v2_current_mp3_accent_review,38.377500
19,38.983674000000,40.183674,R,s1,200.000000,0.300000000000,v2_current_mp3_accent_review,40.177500
20,41.373243000000,42.573243,L,m1,200.000000,0.300000000000,v2_current_mp3_accent_review,42.577500
21,43.782767000000,44.982767,L,s2,200.000000,0.300000000000,v2_current_mp3_accent_review,44.977500
22,46.182313000000,47.382313,R,m2,200.000000,0.300000000000,v2_current_mp3_accent_review,47.377500
23,48.272563000000,49.472563,R,m1,200.000000,0.300000000000,v2_current_mp3_accent_review,49.477500
24,49.834014000000,51.034014,L,s1,200.000000,0.300000000000,v2_current_mp3_accent_review,50.977500
25,52.233560000000,53.433560,L,s1,200.000000,0.300000000000,v2_current_mp3_accent_review,53.377500
26,54.633107000000,55.833107,R,m1,200.000000,0.300000000000,v2_current_mp3_accent_review,55.777500
27,57.032653000000,58.232653,R,s2,200.000000,0.300000000000,v2_current_mp3_accent_review,58.177500
28,59.442177000000,60.642177,L,m2,200.000000,0.300000000000,v2_current_mp3_accent_review,60.577500
29,61.841724000000,63.041724,L,m1,200.000000,0.300000000000,v2_current_mp3_accent_review,62.977500
30,64.241270000000,65.441270,R,s1,200.000000,0.300000000000,v2_current_mp3_accent_review,65.377500
31,65.977325000000,67.177325,R,s1,200.000000,0.300000000000,v2_current_mp3_accent_review,67.177500
32,67.783220000000,68.983220,L,m1,200.000000,0.300000000000,v2_current_mp3_accent_review,68.977500
33,69.584127000000,70.784127,L,s2,200.000000,0.300000000000,v2_current_mp3_accent_review,70.777500
34,72.582313000000,73.782313,R,m2,200.000000,0.300000000000,v2_current_mp3_accent_review,73.777500
35,74.991837000000,76.191837,R,m1,200.000000,0.300000000000,v2_current_mp3_accent_review,76.177500
36,76.792744000000,77.992744,L,s1,200.000000,0.300000000000,v2_current_mp3_accent_review,77.977500
37,78.573696000000,79.773696,L,s1,200.000000,0.300000000000,v2_current_mp3_accent_review,79.777500
38,80.978232000000,82.178232,R,m1,200.000000,0.300000000000,v2_current_mp3_accent_review,82.177500
39,83.377778000000,84.577778,R,s2,200.000000,0.300000000000,v2_current_mp3_accent_review,84.577500
40,85.777325000000,86.977325,L,m2,200.000000,0.300000000000,v2_current_mp3_accent_review,86.977500
41,88.176871000000,89.376871,L,m1,200.000000,0.300000000000,v2_current_mp3_accent_review,89.377500
42,90.576418000000,91.776418,R,s1,200.000000,0.300000000000,v2_current_mp3_accent_review,91.777500
43,92.676644000000,93.876644,R,s1,200.000000,0.300000000000,v2_current_mp3_accent_review,93.877500
44,94.776871000000,95.976871,L,m1,200.000000,0.300000000000,v2_current_mp3_accent_review,95.977500
45,96.572789000000,97.772789,L,s2,200.000000,0.300000000000,v2_current_mp3_accent_review,97.777500
46,98.373696000000,99.573696,R,m2,200.000000,0.300000000000,v2_current_mp3_accent_review,99.577500
47,100.174604000000,101.374604,R,m1,200.000000,0.300000000000,v2_current_mp3_accent_review,101.377500
48,102.574150000000,103.774150,L,s1,200.000000,0.300000000000,v2_current_mp3_accent_review,103.777500
49,104.978685000000,106.178685,L,s1,200.000000,0.300000000000,v2_current_mp3_accent_review,106.177500
50,107.373243000000,108.573243,R,m1,200.000000,0.300000000000,v2_current_mp3_accent_review,108.577500
51,109.777778000000,110.977778,R,s2,200.000000,0.300000000000,v2_current_mp3_accent_review,110.977500
52,112.177325000000,113.377325,L,m2,200.000000,0.300000000000,v2_current_mp3_accent_review,113.377500
53,114.576871000000,115.776871,L,m1,200.000000,0.300000000000,v2_current_mp3_accent_review,115.777500
54,116.392744000000,117.592744,R,s1,200.000000,0.300000000000,v2_current_mp3_accent_review,117.577500
55,118.183674000000,119.383674,R,s1,200.000000,0.300000000000,v2_current_mp3_accent_review,119.377500
56,121.141950000000,122.341950,L,m1,200.000000,0.300000000000,v2_current_mp3_accent_review,122.377500
57,122.703402000000,123.903402,L,s2,200.000000,0.300000000000,v2_current_mp3_accent_review,123.877500
58,125.092971000000,126.292971,R,m2,200.000000,0.300000000000,v2_current_mp3_accent_review,126.277500
59,127.412699000000,128.612699,R,m1,200.000000,0.300000000000,v2_current_mp3_accent_review,128.677500
60,128.984127000000,130.184127,L,s1,200.000000,0.300000000000,v2_current_mp3_accent_review,130.177500
61,130.755102000000,131.955102,L,s1,200.000000,0.300000000000,v2_current_mp3_accent_review,131.977500
62,132.326531000000,133.526531,R,m1,200.000000,0.300000000000,v2_current_mp3_accent_review,133.477500
63,134.611338000000,135.811338,R,s2,200.000000,0.300000000000,v2_current_mp3_accent_review,135.877500
64,137.055783000000,138.255783,L,m2,200.000000,0.300000000000,v2_current_mp3_accent_review,138.277500
