song_id,type,time_seconds,optional_notes
song_1,ship_horn,77.477,current v3 phrase accent; shared Song Clock presentation response
song_1,ship_horn,115.209,current v3 phrase accent; shared Song Clock presentation response
song_1,fishing_float,128.642,current v3 phrase accent; shared Song Clock presentation response
song_2,fishing_float,27.655,current v3 phrase accent; shared Song Clock presentation response
song_2,sardine,49.18,current v3 phrase accent; shared Song Clock presentation response
song_2,fishing_float,78.437,current v3 phrase accent; shared Song Clock presentation response
song_2,sardine,100.589,current v3 phrase accent; shared Song Clock presentation response
song_3,whale,40.453,current v3 phrase accent; shared Song Clock presentation response
song_3,whale,87.589,current v3 phrase accent; shared Song Clock presentation response
song_3,ship_horn,126.134,current v3 phrase accent; shared Song Clock presentation response
song_3,fishing_float,142.621,current v3 phrase accent; shared Song Clock presentation response
song_3,sardine,152.837,current v3 phrase accent; shared Song Clock presentation response
song_4,ship_horn,29.182,current v3 phrase accent; shared Song Clock presentation response
song_4,sardine,53.348,current v3 phrase accent; shared Song Clock presentation response
song_4,fishing_float,69.637,current v3 phrase accent; shared Song Clock presentation response
song_4,whale,92.201,current v3 phrase accent; shared Song Clock presentation response
song_4,ship_horn,105.953,current v3 phrase accent; shared Song Clock presentation response
song_4,sardine,114.765,current v3 phrase accent; shared Song Clock presentation response
song_4,fishing_float,116.901,current v3 phrase accent; shared Song Clock presentation response
