song_id,event_index,start_time_sec,target_time_sec,side,pattern_id,accent_class,accent_strength,gameplay_bpm,pulse_sec,source_bpm,additional_target_times_sec,additional_cue_times_sec,authoring_notes
stage2_hidden_current,1,0.279,1.95,L,m1,strong_percussion,1.303,143.554688,0.417959,143.554688,,,
stage2_hidden_current,2,3.204,4.876,R,m1,beat_accent,0.319,143.554688,0.417959,143.554688,,,
stage2_hidden_current,3,6.966,8.638,L,m2,beat_accent,0.339,143.554688,0.417959,143.554688,,,
stage2_hidden_current,4,8.847,10.519,R,m1,strong_percussion,0.944,143.554688,0.417959,143.554688,,,
stage2_hidden_current,5,13.026,14.698,L,m2,beat_accent,0.851,143.554688,0.417959,143.554688,,,
stage2_hidden_current,6,17.415,19.087,R,m1,strong_percussion,1.374,143.554688,0.417959,143.554688,,,
stage2_hidden_current,7,21.177,22.848,L,m1,beat_accent,0.394,143.554688,0.417959,143.554688,,,
stage2_hidden_current,8,24.102,25.774,R,m2,beat_accent,0.298,143.554688,0.417959,143.554688,,,
stage2_hidden_current,9,25.983,27.655,L,m2,beat_accent,0.655,143.554688,0.417959,143.554688,,,
stage2_hidden_current,10,27.864,29.536,R,m3,beat_accent,0.301,143.554688,0.417959,143.554688,,,
stage2_hidden_current,11,30.372,32.044,L,m2,section_lift,0.373,143.554688,0.417959,143.554688,,,
stage2_hidden_current,12,32.461,34.133,R,m2,section_lift,0.36,143.554688,0.417959,143.554688,,,
stage2_hidden_current,13,34.342,36.014,L,m3,strong_percussion,1.101,143.554688,0.417959,143.554688,,,
stage2_hidden_current,14,37.477,39.149,R,m2,beat_accent,0.329,143.554688,0.417959,143.554688,,,
stage2_hidden_current,15,42.91,44.582,L,m2,strong_percussion,1.546,143.554688,0.417959,143.554688,44.781,43.109164,current-source attack-backed response phrase; listening approval pending
stage2_hidden_current,16,45.0,46.672,R,m3,beat_accent,0.333,143.554688,0.417959,143.554688,,,
stage2_hidden_current,17,47.508,49.18,L,m2,section_lift,0.386,143.554688,0.417959,143.554688,,,
stage2_hidden_current,18,50.852,52.524,R,m2,section_lift,1.08,143.554688,0.417959,143.554688,,,
stage2_hidden_current,19,52.941,54.613,L,m3,beat_accent,0.488,143.554688,0.417959,143.554688,,,
stage2_hidden_current,20,55.449,57.121,R,m2,beat_accent,0.337,143.554688,0.417959,143.554688,,,
stage2_hidden_current,21,60.047,61.719,L,m2,strong_percussion,1.166,143.554688,0.417959,143.554688,,,
stage2_hidden_current,22,62.555,64.226,R,m3,beat_accent,0.356,143.554688,0.417959,143.554688,,,
stage2_hidden_current,23,64.644,66.316,L,m2,beat_accent,0.292,143.554688,0.417959,143.554688,,,
stage2_hidden_current,24,67.988,69.66,R,m2,strong_percussion,1.185,143.554688,0.417959,143.554688,69.963,68.291164,current-source attack-backed response phrase; listening approval pending
stage2_hidden_current,25,70.914,72.586,L,m3,beat_accent,0.319,143.554688,0.417959,143.554688,,,
stage2_hidden_current,26,73.004,74.675,R,m2,beat_accent,0.301,143.554688,0.417959,143.554688,,,
stage2_hidden_current,27,76.765,78.437,L,m1,strong_percussion,1.087,143.554688,0.417959,143.554688,,,
stage2_hidden_current,28,78.855,80.527,R,m3,beat_accent,0.312,143.554688,0.417959,143.554688,,,
stage2_hidden_current,29,81.781,83.453,L,m2,section_lift,0.417,143.554688,0.417959,143.554688,,,
stage2_hidden_current,30,85.124,86.796,R,m2,strong_percussion,1.097,143.554688,0.417959,143.554688,,,
stage2_hidden_current,31,88.468,90.14,L,m3,beat_accent,0.332,143.554688,0.417959,143.554688,,,
stage2_hidden_current,32,90.976,92.648,R,m1,section_lift,0.357,143.554688,0.417959,143.554688,,,
stage2_hidden_current,33,93.484,95.155,L,m2,strong_percussion,1.257,143.554688,0.417959,143.554688,95.316,93.644164,current-source attack-backed response phrase; listening approval pending
stage2_hidden_current,34,96.827,98.499,R,m3,beat_accent,0.366,143.554688,0.417959,143.554688,,,
stage2_hidden_current,35,98.917,100.589,L,m2,section_lift,0.354,143.554688,0.417959,143.554688,,,
stage2_hidden_current,36,101.425,103.097,R,m2,strong_percussion,1.183,143.554688,0.417959,143.554688,,,
stage2_hidden_current,37,104.768,106.44,L,m3,beat_accent,0.338,143.554688,0.417959,143.554688,,,
stage2_hidden_current,38,107.276,108.948,R,s2,section_lift,0.344,143.554688,0.417959,143.554688,,,
stage2_hidden_current,39,110.62,112.292,L,m1,strong_percussion,1.135,143.554688,0.417959,143.554688,,,
stage2_hidden_current,40,112.71,114.381,R,m3,beat_accent,0.312,143.554688,0.417959,143.554688,,,
stage2_hidden_current,41,116.053,117.725,L,m2,section_lift,0.418,143.554688,0.417959,143.554688,,,
stage2_hidden_current,42,118.561,120.233,R,m2,strong_percussion,1.43,143.554688,0.417959,143.554688,,,
stage2_hidden_current,43,120.651,122.323,L,m1,beat_accent,0.32,143.554688,0.417959,143.554688,,,
stage2_hidden_current,44,122.741,124.413,R,m2,beat_accent,0.874,143.554688,0.417959,143.554688,,,
stage2_hidden_current,45,125.248,126.92,L,m2,section_lift,0.383,143.554688,0.417959,143.554688,,,
stage2_hidden_current,46,127.338,129.01,R,m3,strong_percussion,1.374,143.554688,0.417959,143.554688,,,
stage2_hidden_current,47,129.846,131.518,L,m2,section_lift,0.363,143.554688,0.417959,143.554688,,,
stage2_hidden_current,48,135.279,136.951,R,m1,beat_accent,1.049,143.554688,0.417959,143.554688,,,
