time_sec,event_type,strength,duration_sec,note
16.54,camera_slow_push,0.3,1.2,gentle entrance
34.75,spotlight_pulse,0.35,0.6,vocal/phrase accent
46.91,camera_slow_push,0.35,0.8,phrase rise
63.94,color_breathe,0.3,1.0,soft emotional transition
76.86,camera_zoom_in,0.4,0.8,growing section
91.23,camera_pull_back,0.38,0.7,breathing section
118.27,camera_zoom_in,0.5,0.65,stronger vocal section
125.92,world_light_pulse,0.45,0.4,accent
173.95,camera_slow_push,0.55,0.9,climax build
177.86,world_light_pulse,0.6,0.35,climax accent
182.18,camera_zoom_in,0.6,0.7,climax
191.81,camera_pull_back,0.35,1.2,release
