time_sec,event_type,target_side,duration_sec,hold_sec,zoom_from,zoom_to,pan_percent,ease
2.472,WAVE_CLOSEUP,L,1.8,0.6,1.0,1.12,-0.28,CUBIC_IN_OUT
10.54,SHARK_CLOSEUP,CENTER,1.4,0.4,1.0,1.16,0.0,SINE_IN_OUT
18.819,WAVE_CLOSEUP,L,1.8,0.6,1.0,1.12,-0.28,CUBIC_IN_OUT
26.376,SHARK_CLOSEUP,CENTER,1.4,0.4,1.0,1.16,0.0,SINE_IN_OUT
33.133,SHARK_CLOSEUP,CENTER,1.4,0.4,1.0,1.16,0.0,SINE_IN_OUT
42.434,WAVE_CLOSEUP,L,1.8,0.6,1.0,1.12,-0.28,CUBIC_IN_OUT
49.132,SHARK_CLOSEUP,CENTER,1.4,0.4,1.0,1.16,0.0,SINE_IN_OUT
56.91,SHARK_CLOSEUP,CENTER,1.4,0.4,1.0,1.16,0.0,SINE_IN_OUT
65.491,WAVE_CLOSEUP,R,1.8,0.6,1.0,1.12,0.28,CUBIC_IN_OUT
73.118,SHARK_CLOSEUP,CENTER,1.4,0.4,1.0,1.16,0.0,SINE_IN_OUT
80.92,SHARK_CLOSEUP,CENTER,1.4,0.4,1.0,1.16,0.0,SINE_IN_OUT
87.143,SHARK_CLOSEUP,CENTER,1.4,0.4,1.0,1.16,0.0,SINE_IN_OUT
93.784,SHARK_CLOSEUP,CENTER,1.4,0.4,1.0,1.16,0.0,SINE_IN_OUT
100.657,SHARK_CLOSEUP,CENTER,1.4,0.4,1.0,1.16,0.0,SINE_IN_OUT
110.375,WAVE_CLOSEUP,R,1.8,0.6,1.0,1.12,0.28,CUBIC_IN_OUT
117.909,SHARK_CLOSEUP,CENTER,1.4,0.4,1.0,1.16,0.0,SINE_IN_OUT
125.549,SHARK_CLOSEUP,CENTER,1.4,0.4,1.0,1.16,0.0,SINE_IN_OUT
132.7,SHARK_CLOSEUP,CENTER,1.4,0.4,1.0,1.16,0.0,SINE_IN_OUT
142.001,WAVE_CLOSEUP,R,1.8,0.6,1.0,1.12,0.28,CUBIC_IN_OUT
148.838,SHARK_CLOSEUP,CENTER,1.4,0.4,1.0,1.16,0.0,SINE_IN_OUT
155.247,SHARK_CLOSEUP,CENTER,1.4,0.4,1.0,1.16,0.0,SINE_IN_OUT
162.724,SHARK_CLOSEUP,CENTER,1.4,0.4,1.0,1.16,0.0,SINE_IN_OUT
170.886,WAVE_CLOSEUP,R,1.8,0.6,1.0,1.12,0.28,CUBIC_IN_OUT
180.082,WAVE_CLOSEUP,L,1.8,0.6,1.0,1.12,-0.28,CUBIC_IN_OUT
181.918,PULLBACK,CENTER,2.6,1.0,1.0,0.91,0.0,CUBIC_IN_OUT
186.246,SHARK_CLOSEUP,CENTER,1.4,0.4,1.0,1.16,0.0,SINE_IN_OUT
193.931,SHARK_CLOSEUP,CENTER,1.4,0.4,1.0,1.16,0.0,SINE_IN_OUT
202.559,WAVE_CLOSEUP,L,1.8,0.6,1.0,1.12,-0.28,CUBIC_IN_OUT
