song_id,start_time_sec,end_time_sec,drain_multiplier,section_type,section_id
custom_under_the_sea,0,0.821641722502329,0.2,break,v3_phrase_0
custom_under_the_sea,0.821641722502329,1.904,1,active,v3_phrase_1
custom_under_the_sea,1.904,2.035641722502329,0.5,low_activity,v3_phrase_2
custom_under_the_sea,2.035641722502329,3.1180000000000003,1,active,v3_phrase_3
custom_under_the_sea,3.1180000000000003,3.138641722502329,0.5,low_activity,v3_phrase_4
custom_under_the_sea,3.138641722502329,6.206,1,active,v3_phrase_5
custom_under_the_sea,6.206,6.667641722502329,0.5,low_activity,v3_phrase_6
custom_under_the_sea,6.667641722502329,7.75,1,active,v3_phrase_7
custom_under_the_sea,7.75,7.880641722502329,0.5,low_activity,v3_phrase_8
custom_under_the_sea,7.880641722502329,8.963,1,active,v3_phrase_9
custom_under_the_sea,8.963,9.314641722502328,0.5,low_activity,v3_phrase_10
custom_under_the_sea,9.314641722502328,10.396999999999998,1,active,v3_phrase_11
custom_under_the_sea,10.396999999999998,10.858641722502329,0.5,low_activity,v3_phrase_12
custom_under_the_sea,10.858641722502329,11.940999999999999,1,active,v3_phrase_13
custom_under_the_sea,11.940999999999999,11.961641722502328,0.5,low_activity,v3_phrase_14
custom_under_the_sea,11.961641722502328,14.036999999999999,1,active,v3_phrase_15
custom_under_the_sea,14.036999999999999,15.04964172250233,0.5,low_activity,v3_phrase_16
custom_under_the_sea,15.04964172250233,16.132,1,active,v3_phrase_17
custom_under_the_sea,16.132,16.70464172250233,0.5,low_activity,v3_phrase_18
custom_under_the_sea,16.70464172250233,17.787,1,active,v3_phrase_19
custom_under_the_sea,17.787,18.35864172250233,0.5,low_activity,v3_phrase_20
custom_under_the_sea,18.35864172250233,19.441,1,active,v3_phrase_21
custom_under_the_sea,19.441,19.461641722502332,0.5,low_activity,v3_phrase_22
custom_under_the_sea,19.461641722502332,21.537,1,active,v3_phrase_23
custom_under_the_sea,21.537,21.66764172250233,0.5,low_activity,v3_phrase_24
custom_under_the_sea,21.66764172250233,22.75,1,active,v3_phrase_25
custom_under_the_sea,22.75,22.880641722502332,0.5,low_activity,v3_phrase_26
custom_under_the_sea,22.880641722502332,23.963,1,active,v3_phrase_27
custom_under_the_sea,23.963,24.64564172250233,0.5,low_activity,v3_phrase_28
custom_under_the_sea,24.64564172250233,25.727999999999998,1,active,v3_phrase_29
custom_under_the_sea,25.727999999999998,25.85864172250233,0.5,low_activity,v3_phrase_30
custom_under_the_sea,25.85864172250233,26.941,1,active,v3_phrase_31
custom_under_the_sea,26.941,27.07264172250233,0.5,low_activity,v3_phrase_32
custom_under_the_sea,27.07264172250233,28.154999999999998,1,active,v3_phrase_33
custom_under_the_sea,28.154999999999998,28.28564172250233,0.5,low_activity,v3_phrase_34
custom_under_the_sea,28.28564172250233,30.36,1,active,v3_phrase_35
custom_under_the_sea,30.36,30.380641722502332,0.5,low_activity,v3_phrase_36
custom_under_the_sea,30.380641722502332,31.463,1,active,v3_phrase_37
custom_under_the_sea,31.463,31.594641722502327,0.5,low_activity,v3_phrase_38
custom_under_the_sea,31.594641722502327,32.677,1,active,v3_phrase_39
custom_under_the_sea,32.677,33.35864172250233,0.5,low_activity,v3_phrase_40
custom_under_the_sea,33.35864172250233,34.441,1,active,v3_phrase_41
custom_under_the_sea,34.441,34.46164172250233,0.5,low_activity,v3_phrase_42
custom_under_the_sea,34.46164172250233,35.544000000000004,1,active,v3_phrase_43
custom_under_the_sea,35.544000000000004,35.785641722502326,0.5,low_activity,v3_phrase_44
custom_under_the_sea,35.785641722502326,36.868,1,active,v3_phrase_45
custom_under_the_sea,36.868,37.10864172250233,0.5,low_activity,v3_phrase_46
custom_under_the_sea,37.10864172250233,38.191,1,active,v3_phrase_47
custom_under_the_sea,38.191,38.65364172250233,0.5,low_activity,v3_phrase_48
custom_under_the_sea,38.65364172250233,39.736000000000004,1,active,v3_phrase_49
custom_under_the_sea,39.736000000000004,40.74864172250233,0.5,low_activity,v3_phrase_50
custom_under_the_sea,40.74864172250233,41.831,1,active,v3_phrase_51
custom_under_the_sea,41.831,41.96164172250233,0.5,low_activity,v3_phrase_52
custom_under_the_sea,41.96164172250233,43.044000000000004,1,active,v3_phrase_53
custom_under_the_sea,43.044000000000004,43.285641722502326,0.5,low_activity,v3_phrase_54
custom_under_the_sea,43.285641722502326,44.368,1,active,v3_phrase_55
custom_under_the_sea,44.368,44.60864172250233,0.5,low_activity,v3_phrase_56
custom_under_the_sea,44.60864172250233,45.691,1,active,v3_phrase_57
custom_under_the_sea,45.691,45.932641722502325,0.5,low_activity,v3_phrase_58
custom_under_the_sea,45.932641722502325,47.015,1,active,v3_phrase_59
custom_under_the_sea,47.015,47.807641722502325,0.5,low_activity,v3_phrase_60
custom_under_the_sea,47.807641722502325,49.883,1,active,v3_phrase_61
custom_under_the_sea,49.883,49.90364172250233,0.5,low_activity,v3_phrase_62
custom_under_the_sea,49.90364172250233,50.986000000000004,1,active,v3_phrase_63
custom_under_the_sea,50.986000000000004,51.88864172250233,0.5,low_activity,v3_phrase_64
custom_under_the_sea,51.88864172250233,52.971000000000004,1,active,v3_phrase_65
custom_under_the_sea,52.971000000000004,53.21164172250233,0.5,low_activity,v3_phrase_66
custom_under_the_sea,53.21164172250233,54.294000000000004,1,active,v3_phrase_67
custom_under_the_sea,54.294000000000004,54.535641722502326,0.5,low_activity,v3_phrase_68
custom_under_the_sea,54.535641722502326,55.618,1,active,v3_phrase_69
custom_under_the_sea,55.618,56.18964172250233,0.5,low_activity,v3_phrase_70
custom_under_the_sea,56.18964172250233,57.272000000000006,1,active,v3_phrase_71
custom_under_the_sea,57.272000000000006,57.40364172250233,0.5,low_activity,v3_phrase_72
custom_under_the_sea,57.40364172250233,58.486000000000004,1,active,v3_phrase_73
custom_under_the_sea,58.486000000000004,59.057641722502325,0.5,low_activity,v3_phrase_74
custom_under_the_sea,59.057641722502325,61.133,1,active,v3_phrase_75
custom_under_the_sea,61.133,61.15364172250233,0.5,low_activity,v3_phrase_76
custom_under_the_sea,61.15364172250233,62.236000000000004,1,active,v3_phrase_77
custom_under_the_sea,62.236000000000004,62.807641722502325,0.5,low_activity,v3_phrase_78
custom_under_the_sea,62.807641722502325,63.89,1,active,v3_phrase_79
custom_under_the_sea,63.89,63.91064172250233,0.5,low_activity,v3_phrase_80
custom_under_the_sea,63.91064172250233,65.986,1,active,v3_phrase_81
custom_under_the_sea,65.986,66.55764172250232,0.5,low_activity,v3_phrase_82
custom_under_the_sea,66.55764172250232,67.64,1,active,v3_phrase_83
custom_under_the_sea,67.64,68.21264172250233,0.5,low_activity,v3_phrase_84
custom_under_the_sea,68.21264172250233,69.295,1,active,v3_phrase_85
custom_under_the_sea,69.295,69.42564172250233,0.5,low_activity,v3_phrase_86
custom_under_the_sea,69.42564172250233,70.50800000000001,1,active,v3_phrase_87
custom_under_the_sea,70.50800000000001,71.18964172250233,0.5,low_activity,v3_phrase_88
custom_under_the_sea,71.18964172250233,72.272,1,active,v3_phrase_89
custom_under_the_sea,72.272,73.17564172250233,0.5,low_activity,v3_phrase_90
custom_under_the_sea,73.17564172250233,75.25,1,active,v3_phrase_91
custom_under_the_sea,75.25,75.27064172250233,0.5,low_activity,v3_phrase_92
custom_under_the_sea,75.27064172250233,76.35300000000001,1,active,v3_phrase_93
custom_under_the_sea,76.35300000000001,76.48464172250233,0.5,low_activity,v3_phrase_94
custom_under_the_sea,76.48464172250233,77.56700000000001,1,active,v3_phrase_95
custom_under_the_sea,77.56700000000001,77.80764172250232,0.5,low_activity,v3_phrase_96
custom_under_the_sea,77.80764172250232,78.89,1,active,v3_phrase_97
custom_under_the_sea,78.89,79.02064172250233,0.5,low_activity,v3_phrase_98
custom_under_the_sea,79.02064172250233,80.10300000000001,1,active,v3_phrase_99
custom_under_the_sea,80.10300000000001,81.11664172250232,0.5,low_activity,v3_phrase_100
custom_under_the_sea,81.11664172250232,82.199,1,active,v3_phrase_101
custom_under_the_sea,82.199,82.77064172250233,0.5,low_activity,v3_phrase_102
custom_under_the_sea,82.77064172250233,83.85300000000001,1,active,v3_phrase_103
custom_under_the_sea,83.85300000000001,83.98464172250233,0.5,low_activity,v3_phrase_104
custom_under_the_sea,83.98464172250233,85.06700000000001,1,active,v3_phrase_105
custom_under_the_sea,85.06700000000001,85.52864172250233,0.5,low_activity,v3_phrase_106
custom_under_the_sea,85.52864172250233,86.611,1,active,v3_phrase_107
custom_under_the_sea,86.611,87.18264172250232,0.5,low_activity,v3_phrase_108
custom_under_the_sea,87.18264172250232,88.265,1,active,v3_phrase_109
custom_under_the_sea,88.265,88.83764172250233,0.5,low_activity,v3_phrase_110
custom_under_the_sea,88.83764172250233,90.912,1,active,v3_phrase_111
custom_under_the_sea,90.912,90.93264172250232,0.5,low_activity,v3_phrase_112
custom_under_the_sea,90.93264172250232,93.00800000000001,1,active,v3_phrase_113
custom_under_the_sea,93.00800000000001,93.91064172250233,0.5,low_activity,v3_phrase_114
custom_under_the_sea,93.91064172250233,94.99300000000001,1,active,v3_phrase_115
custom_under_the_sea,94.99300000000001,95.56564172250232,0.5,low_activity,v3_phrase_116
custom_under_the_sea,95.56564172250232,96.648,1,active,v3_phrase_117
custom_under_the_sea,96.648,96.88864172250233,0.5,low_activity,v3_phrase_118
custom_under_the_sea,96.88864172250233,97.971,1,active,v3_phrase_119
custom_under_the_sea,97.971,98.21264172250233,0.5,low_activity,v3_phrase_120
custom_under_the_sea,98.21264172250233,99.295,1,active,v3_phrase_121
custom_under_the_sea,99.295,99.75664172250232,0.5,low_activity,v3_phrase_122
custom_under_the_sea,99.75664172250232,100.839,1,active,v3_phrase_123
custom_under_the_sea,100.839,100.85964172250233,0.5,low_activity,v3_phrase_124
custom_under_the_sea,100.85964172250233,103.927,1,active,v3_phrase_125
custom_under_the_sea,103.927,103.94764172250233,0.5,low_activity,v3_phrase_126
custom_under_the_sea,103.94764172250233,106.023,1,active,v3_phrase_127
custom_under_the_sea,106.023,106.37464172250233,0.5,low_activity,v3_phrase_128
custom_under_the_sea,106.37464172250233,107.45700000000001,1,active,v3_phrase_129
custom_under_the_sea,107.45700000000001,107.47664172250232,0.5,low_activity,v3_phrase_130
custom_under_the_sea,107.47664172250232,110.545,1,active,v3_phrase_131
custom_under_the_sea,110.545,110.56564172250232,0.5,low_activity,v3_phrase_132
custom_under_the_sea,110.56564172250232,111.648,1,active,v3_phrase_133
custom_under_the_sea,111.648,112.21964172250233,0.5,low_activity,v3_phrase_134
custom_under_the_sea,112.21964172250233,113.302,1,active,v3_phrase_135
custom_under_the_sea,113.302,113.43264172250232,0.5,low_activity,v3_phrase_136
custom_under_the_sea,113.43264172250232,114.515,1,active,v3_phrase_137
custom_under_the_sea,114.515,114.64664172250232,0.5,low_activity,v3_phrase_138
custom_under_the_sea,114.64664172250232,116.721,1,active,v3_phrase_139
custom_under_the_sea,116.721,116.74164172250232,0.5,low_activity,v3_phrase_140
custom_under_the_sea,116.74164172250232,117.824,1,active,v3_phrase_141
custom_under_the_sea,117.824,118.50664172250232,0.5,low_activity,v3_phrase_142
custom_under_the_sea,118.50664172250232,119.589,1,active,v3_phrase_143
custom_under_the_sea,119.589,120.16064172250233,0.5,low_activity,v3_phrase_144
custom_under_the_sea,120.16064172250233,121.24300000000001,1,active,v3_phrase_145
custom_under_the_sea,121.24300000000001,122.14664172250232,0.5,low_activity,v3_phrase_146
custom_under_the_sea,122.14664172250232,123.229,1,active,v3_phrase_147
custom_under_the_sea,123.229,123.35964172250233,0.5,low_activity,v3_phrase_148
custom_under_the_sea,123.35964172250233,125.435,1,active,v3_phrase_149
custom_under_the_sea,125.435,125.56564172250232,0.5,low_activity,v3_phrase_150
custom_under_the_sea,125.56564172250232,126.648,1,active,v3_phrase_151
custom_under_the_sea,126.648,126.77864172250233,0.5,low_activity,v3_phrase_152
custom_under_the_sea,126.77864172250233,127.861,1,active,v3_phrase_153
custom_under_the_sea,127.861,128.43264172250232,0.5,low_activity,v3_phrase_154
custom_under_the_sea,128.43264172250232,129.515,1,active,v3_phrase_155
custom_under_the_sea,129.515,130.08764172250233,0.5,low_activity,v3_phrase_156
custom_under_the_sea,130.08764172250233,131.17,1,active,v3_phrase_157
custom_under_the_sea,131.17,132.18364172250233,0.5,low_activity,v3_phrase_158
custom_under_the_sea,132.18364172250233,133.266,1,active,v3_phrase_159
custom_under_the_sea,133.266,133.94764172250234,0.5,low_activity,v3_phrase_160
custom_under_the_sea,133.94764172250234,135.03,1,active,v3_phrase_161
custom_under_the_sea,135.03,135.49164172250232,0.5,low_activity,v3_phrase_162
custom_under_the_sea,135.49164172250232,136.57399999999998,1,active,v3_phrase_163
custom_under_the_sea,136.57399999999998,137.58764172250233,0.5,low_activity,v3_phrase_164
custom_under_the_sea,137.58764172250233,138.67,1,active,v3_phrase_165
custom_under_the_sea,138.67,139.68364172250233,0.5,low_activity,v3_phrase_166
custom_under_the_sea,139.68364172250233,140.766,1,active,v3_phrase_167
custom_under_the_sea,140.766,140.89664172250232,0.5,low_activity,v3_phrase_168
custom_under_the_sea,140.89664172250232,141.97899999999998,1,active,v3_phrase_169
custom_under_the_sea,141.97899999999998,142.10964172250232,0.5,low_activity,v3_phrase_170
custom_under_the_sea,142.10964172250232,143.19199999999998,1,active,v3_phrase_171
custom_under_the_sea,143.19199999999998,143.21264172250233,0.5,low_activity,v3_phrase_172
custom_under_the_sea,143.21264172250233,144.295,1,active,v3_phrase_173
custom_under_the_sea,144.295,144.64664172250232,0.5,low_activity,v3_phrase_174
custom_under_the_sea,144.64664172250232,145.72899999999998,1,active,v3_phrase_175
custom_under_the_sea,145.72899999999998,145.85964172250232,0.5,low_activity,v3_phrase_176
custom_under_the_sea,145.85964172250232,146.94199999999998,1,active,v3_phrase_177
custom_under_the_sea,146.94199999999998,147.18364172250233,0.5,low_activity,v3_phrase_178
custom_under_the_sea,147.18364172250233,148.266,1,active,v3_phrase_179
custom_under_the_sea,148.266,148.39664172250232,0.5,low_activity,v3_phrase_180
custom_under_the_sea,148.39664172250232,149.47899999999998,1,active,v3_phrase_181
custom_under_the_sea,149.47899999999998,150.05064172250232,0.5,low_activity,v3_phrase_182
custom_under_the_sea,150.05064172250232,151.13299999999998,1,active,v3_phrase_183
custom_under_the_sea,151.13299999999998,152.14664172250232,0.5,low_activity,v3_phrase_184
custom_under_the_sea,152.14664172250232,154.22199999999998,1,active,v3_phrase_185
custom_under_the_sea,154.22199999999998,154.24164172250232,0.5,low_activity,v3_phrase_186
custom_under_the_sea,154.24164172250232,155.32399999999998,1,active,v3_phrase_187
custom_under_the_sea,155.32399999999998,155.45564172250232,0.5,low_activity,v3_phrase_188
custom_under_the_sea,155.45564172250232,156.53799999999998,1,active,v3_phrase_189
custom_under_the_sea,156.53799999999998,157.10964172250232,0.5,low_activity,v3_phrase_190
custom_under_the_sea,157.10964172250232,158.19199999999998,1,active,v3_phrase_191
custom_under_the_sea,158.19199999999998,159.20564172250232,0.5,low_activity,v3_phrase_192
custom_under_the_sea,159.20564172250232,160.28799999999998,1,active,v3_phrase_193
custom_under_the_sea,160.28799999999998,160.85964172250232,0.5,low_activity,v3_phrase_194
custom_under_the_sea,160.85964172250232,161.94199999999998,1,active,v3_phrase_195
custom_under_the_sea,161.94199999999998,162.84464172250233,0.5,low_activity,v3_phrase_196
custom_under_the_sea,162.84464172250233,163.927,1,active,v3_phrase_197
custom_under_the_sea,163.927,164.16864172250231,0.5,low_activity,v3_phrase_198
custom_under_the_sea,164.16864172250231,165.25099999999998,1,active,v3_phrase_199
custom_under_the_sea,165.25099999999998,165.49264172250233,0.5,low_activity,v3_phrase_200
custom_under_the_sea,165.49264172250233,166.575,1,active,v3_phrase_201
custom_under_the_sea,166.575,167.03664172250234,0.5,low_activity,v3_phrase_202
custom_under_the_sea,167.03664172250234,168.119,1,active,v3_phrase_203
custom_under_the_sea,168.119,168.35964172250232,0.5,low_activity,v3_phrase_204
custom_under_the_sea,168.35964172250232,169.44199999999998,1,active,v3_phrase_205
custom_under_the_sea,169.44199999999998,169.57264172250234,0.5,low_activity,v3_phrase_206
custom_under_the_sea,169.57264172250234,170.655,1,active,v3_phrase_207
custom_under_the_sea,170.655,171.22764172250234,0.5,low_activity,v3_phrase_208
custom_under_the_sea,171.22764172250234,172.31,1,active,v3_phrase_209
custom_under_the_sea,172.31,172.44064172250233,0.5,low_activity,v3_phrase_210
custom_under_the_sea,172.44064172250233,173.523,1,active,v3_phrase_211
custom_under_the_sea,173.523,174.09564172250234,0.5,low_activity,v3_phrase_212
custom_under_the_sea,174.09564172250234,175.178,1,active,v3_phrase_213
custom_under_the_sea,175.178,175.85964172250232,0.5,low_activity,v3_phrase_214
custom_under_the_sea,175.85964172250232,176.94199999999998,1,active,v3_phrase_215
custom_under_the_sea,176.94199999999998,176.96264172250233,0.5,low_activity,v3_phrase_216
custom_under_the_sea,176.96264172250233,178.045,1,active,v3_phrase_217
custom_under_the_sea,178.045,178.06564172250233,0.5,low_activity,v3_phrase_218
custom_under_the_sea,178.06564172250233,179.148,1,active,v3_phrase_219
custom_under_the_sea,179.148,179.16864172250231,0.5,low_activity,v3_phrase_220
custom_under_the_sea,179.16864172250231,180.25099999999998,1,active,v3_phrase_221
custom_under_the_sea,180.25099999999998,180.82364172250232,0.5,low_activity,v3_phrase_222
custom_under_the_sea,180.82364172250232,181.90599999999998,1,active,v3_phrase_223
custom_under_the_sea,181.90599999999998,182.03664172250234,0.5,low_activity,v3_phrase_224
custom_under_the_sea,182.03664172250234,183.119,1,active,v3_phrase_225
custom_under_the_sea,183.119,183.24964172250233,0.5,low_activity,v3_phrase_226
custom_under_the_sea,183.24964172250233,184.332,1,active,v3_phrase_227
custom_under_the_sea,184.332,184.46264172250233,0.5,low_activity,v3_phrase_228
custom_under_the_sea,184.46264172250233,185.545,1,active,v3_phrase_229
custom_under_the_sea,185.545,186.22764172250234,0.5,low_activity,v3_phrase_230
custom_under_the_sea,186.22764172250234,187.31,1,active,v3_phrase_231
custom_under_the_sea,187.31,187.33064172250232,0.5,low_activity,v3_phrase_232
custom_under_the_sea,187.33064172250232,188.41299999999998,1,active,v3_phrase_233
custom_under_the_sea,188.41299999999998,188.65364172250233,0.5,low_activity,v3_phrase_234
custom_under_the_sea,188.65364172250233,189.736,1,active,v3_phrase_235
custom_under_the_sea,189.736,195.163712,0.2,break,v3_phrase_236
