song_id,phrase_id,phrase_side,phrase_start_time_sec,pattern_id,target_index,target_count,target_time_sec,target_gap_from_prev_ms,wave_event_id,separate_wave_event,is_multi_target,accent_strength,accent_class,source_bpm,gameplay_bpm
custom_shark_in_a_pool,custom_shark_in_a_pool_P001,L,0.58,m2,1,1,1.602,,custom_shark_in_a_pool_P001_W1,True,False,12.9376,medium,117.453835,234.90767
custom_shark_in_a_pool,custom_shark_in_a_pool_P002,R,2.461,b1,1,1,3.483,,custom_shark_in_a_pool_P002_W1,True,False,19.5167,climax,117.453835,234.90767
custom_shark_in_a_pool,custom_shark_in_a_pool_P003,L,3.785,m2,1,1,4.807,,custom_shark_in_a_pool_P003_W1,True,False,11.4372,medium,117.453835,234.90767
custom_shark_in_a_pool,custom_shark_in_a_pool_P004,R,4.574,m1,1,1,5.596,,custom_shark_in_a_pool_P004_W1,True,False,10.288,normal,117.453835,234.90767
custom_shark_in_a_pool,custom_shark_in_a_pool_P005,L,6.06,m3,1,1,7.082,,custom_shark_in_a_pool_P005_W1,True,False,15.0929,strong,117.453835,234.90767
custom_shark_in_a_pool,custom_shark_in_a_pool_P006,R,7.129,m3,1,1,8.15,,custom_shark_in_a_pool_P006_W1,True,False,14.2065,strong,117.453835,234.90767
custom_shark_in_a_pool,custom_shark_in_a_pool_P007,L,8.127,m2,1,1,9.149,,custom_shark_in_a_pool_P007_W1,True,False,12.0198,medium,117.453835,234.90767
custom_shark_in_a_pool,custom_shark_in_a_pool_P008,R,9.358,b1,1,1,10.379,,custom_shark_in_a_pool_P008_W1,True,False,19.803,climax,117.453835,234.90767
custom_shark_in_a_pool,custom_shark_in_a_pool_P009,L,10.635,m2,1,1,11.656,,custom_shark_in_a_pool_P009_W1,True,False,12.8157,medium,117.453835,234.90767
custom_shark_in_a_pool,custom_shark_in_a_pool_P010,R,11.656,s1,1,2,12.678,,custom_shark_in_a_pool_P010_W1,True,True,16.1124,strong,117.453835,234.90767
custom_shark_in_a_pool,custom_shark_in_a_pool_P010,R,11.656,s1,2,2,13.212,534.1,custom_shark_in_a_pool_P010_W2,True,True,17.0624,strong,117.453835,234.90767
custom_shark_in_a_pool,custom_shark_in_a_pool_P011,L,13.514,m2,1,1,14.536,,custom_shark_in_a_pool_P011_W1,True,False,13.5578,medium,117.453835,234.90767
custom_shark_in_a_pool,custom_shark_in_a_pool_P012,R,14.28,m3,1,1,15.302,,custom_shark_in_a_pool_P012_W1,True,False,15.9975,strong,117.453835,234.90767
custom_shark_in_a_pool,custom_shark_in_a_pool_P013,L,15.557,m2,1,1,16.579,,custom_shark_in_a_pool_P013_W1,True,False,12.0634,medium,117.453835,234.90767
custom_shark_in_a_pool,custom_shark_in_a_pool_P014,R,16.533,s1,1,2,17.554,,custom_shark_in_a_pool_P014_W1,True,True,19.4618,climax,117.453835,234.90767
custom_shark_in_a_pool,custom_shark_in_a_pool_P014,R,16.533,s1,2,2,18.019,464.4,custom_shark_in_a_pool_P014_W2,True,True,11.6521,medium,117.453835,234.90767
custom_shark_in_a_pool,custom_shark_in_a_pool_P015,L,18.576,s2,1,3,19.598,,custom_shark_in_a_pool_P015_W1,True,True,18.5683,climax,117.453835,234.90767
custom_shark_in_a_pool,custom_shark_in_a_pool_P015,L,18.576,s2,2,3,20.108,510.8,custom_shark_in_a_pool_P015_W2,True,True,19.3735,climax,117.453835,234.90767
custom_shark_in_a_pool,custom_shark_in_a_pool_P015,L,18.576,s2,3,3,20.41,301.9,custom_shark_in_a_pool_P015_W3,True,True,16.8798,strong,117.453835,234.90767
custom_shark_in_a_pool,custom_shark_in_a_pool_P016,R,21.153,s2,1,3,22.175,,custom_shark_in_a_pool_P016_W1,True,True,17.3978,climax,117.453835,234.90767
custom_shark_in_a_pool,custom_shark_in_a_pool_P016,R,21.153,s2,2,3,22.43,255.4,custom_shark_in_a_pool_P016_W2,True,True,15.7176,strong,117.453835,234.90767
custom_shark_in_a_pool,custom_shark_in_a_pool_P016,R,21.153,s2,3,3,22.825,394.7,custom_shark_in_a_pool_P016_W3,True,True,14.0824,medium,117.453835,234.90767
custom_shark_in_a_pool,custom_shark_in_a_pool_P017,L,23.197,m2,1,2,24.218,,custom_shark_in_a_pool_P017_W1,True,True,14.3952,strong,117.453835,234.90767
custom_shark_in_a_pool,custom_shark_in_a_pool_P017,L,23.197,m2,2,2,24.683,464.4,custom_shark_in_a_pool_P017_W2,True,True,13.5659,medium,117.453835,234.90767
custom_shark_in_a_pool,custom_shark_in_a_pool_P018,R,26.006,m2,1,1,27.028,,custom_shark_in_a_pool_P018_W1,True,False,11.7348,medium,117.453835,234.90767
custom_shark_in_a_pool,custom_shark_in_a_pool_P019,L,26.796,m2,1,1,27.818,,custom_shark_in_a_pool_P019_W1,True,False,11.1091,medium,117.453835,234.90767
custom_shark_in_a_pool,custom_shark_in_a_pool_P020,R,28.073,s1,1,2,29.095,,custom_shark_in_a_pool_P020_W1,True,True,16.3139,strong,117.453835,234.90767
custom_shark_in_a_pool,custom_shark_in_a_pool_P020,R,28.073,s1,2,2,29.396,301.9,custom_shark_in_a_pool_P020_W2,True,True,12.6887,medium,117.453835,234.90767
custom_shark_in_a_pool,custom_shark_in_a_pool_P021,L,29.35,b1,1,1,30.372,,custom_shark_in_a_pool_P021_W1,True,False,21.0964,climax,117.453835,234.90767
custom_shark_in_a_pool,custom_shark_in_a_pool_P022,R,30.906,m1,1,1,31.927,,custom_shark_in_a_pool_P022_W1,True,False,6.725,normal,117.453835,234.90767
custom_shark_in_a_pool,custom_shark_in_a_pool_P023,L,32.16,m1,1,1,33.181,,custom_shark_in_a_pool_P023_W1,True,False,9.2043,normal,117.453835,234.90767
custom_shark_in_a_pool,custom_shark_in_a_pool_P024,R,33.251,m1,1,1,34.273,,custom_shark_in_a_pool_P024_W1,True,False,8.5389,normal,117.453835,234.90767
custom_shark_in_a_pool,custom_shark_in_a_pool_P025,L,35.503,m3,1,1,36.525,,custom_shark_in_a_pool_P025_W1,True,False,15.1021,strong,117.453835,234.90767
custom_shark_in_a_pool,custom_shark_in_a_pool_P026,R,37.036,m3,1,1,38.058,,custom_shark_in_a_pool_P026_W1,True,False,14.7479,strong,117.453835,234.90767
custom_shark_in_a_pool,custom_shark_in_a_pool_P027,L,38.336,m2,1,1,39.358,,custom_shark_in_a_pool_P027_W1,True,False,13.3881,medium,117.453835,234.90767
custom_shark_in_a_pool,custom_shark_in_a_pool_P028,R,40.681,s1,1,2,41.703,,custom_shark_in_a_pool_P028_W1,True,True,17.4059,climax,117.453835,234.90767
custom_shark_in_a_pool,custom_shark_in_a_pool_P028,R,40.681,s1,2,2,42.167,464.4,custom_shark_in_a_pool_P028_W2,True,True,19.5192,climax,117.453835,234.90767
custom_shark_in_a_pool,custom_shark_in_a_pool_P029,L,42.191,m2,1,1,43.212,,custom_shark_in_a_pool_P029_W1,True,False,11.5993,medium,117.453835,234.90767
custom_shark_in_a_pool,custom_shark_in_a_pool_P030,R,43.7,m3,1,1,44.722,,custom_shark_in_a_pool_P030_W1,True,False,17.0003,strong,117.453835,234.90767
custom_shark_in_a_pool,custom_shark_in_a_pool_P031,L,45.767,b1,1,1,46.788,,custom_shark_in_a_pool_P031_W1,True,False,17.474,climax,117.453835,234.90767
custom_shark_in_a_pool,custom_shark_in_a_pool_P032,R,46.533,m3,1,1,47.554,,custom_shark_in_a_pool_P032_W1,True,False,15.2312,strong,117.453835,234.90767
custom_shark_in_a_pool,custom_shark_in_a_pool_P033,L,47.74,s2,1,3,48.762,,custom_shark_in_a_pool_P033_W1,True,True,22.3699,climax,117.453835,234.90767
custom_shark_in_a_pool,custom_shark_in_a_pool_P033,L,47.74,s2,2,3,49.366,603.7,custom_shark_in_a_pool_P033_W2,True,True,13.8756,medium,117.453835,234.90767
custom_shark_in_a_pool,custom_shark_in_a_pool_P033,L,47.74,s2,3,3,49.598,232.2,custom_shark_in_a_pool_P033_W3,True,True,18.1785,climax,117.453835,234.90767
custom_shark_in_a_pool,custom_shark_in_a_pool_P034,R,50.921,s1,1,2,51.943,,custom_shark_in_a_pool_P034_W1,True,True,17.9336,climax,117.453835,234.90767
custom_shark_in_a_pool,custom_shark_in_a_pool_P034,R,50.921,s1,2,2,52.477,534.1,custom_shark_in_a_pool_P034_W2,True,True,12.49,medium,117.453835,234.90767
custom_shark_in_a_pool,custom_shark_in_a_pool_P035,L,52.686,s2,1,3,53.708,,custom_shark_in_a_pool_P035_W1,True,True,14.9684,strong,117.453835,234.90767
custom_shark_in_a_pool,custom_shark_in_a_pool_P035,L,52.686,s2,2,3,54.219,510.8,custom_shark_in_a_pool_P035_W2,True,True,14.6062,strong,117.453835,234.90767
custom_shark_in_a_pool,custom_shark_in_a_pool_P035,L,52.686,s2,3,3,54.474,255.4,custom_shark_in_a_pool_P035_W3,True,True,12.8276,medium,117.453835,234.90767
custom_shark_in_a_pool,custom_shark_in_a_pool_P036,R,54.729,m2,1,1,55.751,,custom_shark_in_a_pool_P036_W1,True,False,12.997,medium,117.453835,234.90767
custom_shark_in_a_pool,custom_shark_in_a_pool_P037,L,57.307,b1,1,1,58.329,,custom_shark_in_a_pool_P037_W1,True,False,17.7929,climax,117.453835,234.90767
custom_shark_in_a_pool,custom_shark_in_a_pool_P038,R,58.073,s2,1,3,59.095,,custom_shark_in_a_pool_P038_W1,True,True,19.6805,climax,117.453835,234.90767
custom_shark_in_a_pool,custom_shark_in_a_pool_P038,R,58.073,s2,2,3,59.606,510.8,custom_shark_in_a_pool_P038_W2,True,True,15.3709,strong,117.453835,234.90767
custom_shark_in_a_pool,custom_shark_in_a_pool_P038,R,58.073,s2,3,3,59.861,255.4,custom_shark_in_a_pool_P038_W3,True,True,14.5653,strong,117.453835,234.90767
custom_shark_in_a_pool,custom_shark_in_a_pool_P039,L,60.883,s2,1,3,61.904,,custom_shark_in_a_pool_P039_W1,True,True,18.72,climax,117.453835,234.90767
custom_shark_in_a_pool,custom_shark_in_a_pool_P039,L,60.883,s2,2,3,62.415,510.8,custom_shark_in_a_pool_P039_W2,True,True,13.9023,medium,117.453835,234.90767
custom_shark_in_a_pool,custom_shark_in_a_pool_P039,L,60.883,s2,3,3,62.671,255.4,custom_shark_in_a_pool_P039_W3,True,True,13.2394,medium,117.453835,234.90767
custom_shark_in_a_pool,custom_shark_in_a_pool_P040,R,62.671,m3,1,1,63.692,,custom_shark_in_a_pool_P040_W1,True,False,15.6195,strong,117.453835,234.90767
custom_shark_in_a_pool,custom_shark_in_a_pool_P041,L,63.46,m2,1,1,64.482,,custom_shark_in_a_pool_P041_W1,True,False,13.6169,medium,117.453835,234.90767
custom_shark_in_a_pool,custom_shark_in_a_pool_P042,R,64.993,b1,1,1,66.014,,custom_shark_in_a_pool_P042_W1,True,False,23.0544,climax,117.453835,234.90767
custom_shark_in_a_pool,custom_shark_in_a_pool_P043,L,66.27,b1,1,1,67.291,,custom_shark_in_a_pool_P043_W1,True,False,18.8168,climax,117.453835,234.90767
custom_shark_in_a_pool,custom_shark_in_a_pool_P044,R,69.103,m2,1,1,70.124,,custom_shark_in_a_pool_P044_W1,True,False,11.9522,medium,117.453835,234.90767
custom_shark_in_a_pool,custom_shark_in_a_pool_P045,L,70.38,m3,1,3,71.401,,custom_shark_in_a_pool_P045_W1,True,True,14.1812,strong,117.453835,234.90767
custom_shark_in_a_pool,custom_shark_in_a_pool_P045,L,70.38,m3,2,3,71.912,510.8,custom_shark_in_a_pool_P045_W2,True,True,13.2674,medium,117.453835,234.90767
custom_shark_in_a_pool,custom_shark_in_a_pool_P045,L,70.38,m3,3,3,72.168,255.4,custom_shark_in_a_pool_P045_W3,True,True,12.8508,medium,117.453835,234.90767
custom_shark_in_a_pool,custom_shark_in_a_pool_P046,R,73.189,m3,1,3,74.211,,custom_shark_in_a_pool_P046_W1,True,True,14.2083,strong,117.453835,234.90767
custom_shark_in_a_pool,custom_shark_in_a_pool_P046,R,73.189,m3,2,3,74.722,510.8,custom_shark_in_a_pool_P046_W2,True,True,11.497,medium,117.453835,234.90767
custom_shark_in_a_pool,custom_shark_in_a_pool_P046,R,73.189,m3,3,3,75.0,278.6,custom_shark_in_a_pool_P046_W3,True,True,11.7804,medium,117.453835,234.90767
custom_shark_in_a_pool,custom_shark_in_a_pool_P047,L,75.767,m3,1,1,76.788,,custom_shark_in_a_pool_P047_W1,True,False,15.3514,strong,117.453835,234.90767
custom_shark_in_a_pool,custom_shark_in_a_pool_P048,R,76.533,m1,1,1,77.555,,custom_shark_in_a_pool_P048_W1,True,False,10.5043,normal,117.453835,234.90767
custom_shark_in_a_pool,custom_shark_in_a_pool_P049,L,77.81,s2,1,3,78.832,,custom_shark_in_a_pool_P049_W1,True,True,15.7212,strong,117.453835,234.90767
custom_shark_in_a_pool,custom_shark_in_a_pool_P049,L,77.81,s2,2,3,79.087,255.4,custom_shark_in_a_pool_P049_W2,True,True,12.182,medium,117.453835,234.90767
custom_shark_in_a_pool,custom_shark_in_a_pool_P049,L,77.81,s2,3,3,79.598,510.8,custom_shark_in_a_pool_P049_W3,True,True,15.2449,strong,117.453835,234.90767
custom_shark_in_a_pool,custom_shark_in_a_pool_P050,R,79.853,m2,1,1,80.875,,custom_shark_in_a_pool_P050_W1,True,False,13.256,medium,117.453835,234.90767
custom_shark_in_a_pool,custom_shark_in_a_pool_P051,L,81.409,m3,1,1,82.431,,custom_shark_in_a_pool_P051_W1,True,False,16.1042,strong,117.453835,234.90767
custom_shark_in_a_pool,custom_shark_in_a_pool_P052,R,82.686,m2,1,1,83.708,,custom_shark_in_a_pool_P052_W1,True,False,12.4888,medium,117.453835,234.90767
custom_shark_in_a_pool,custom_shark_in_a_pool_P053,L,83.453,m1,1,1,84.474,,custom_shark_in_a_pool_P053_W1,True,False,7.5767,normal,117.453835,234.90767
custom_shark_in_a_pool,custom_shark_in_a_pool_P054,R,86.007,m3,1,1,87.028,,custom_shark_in_a_pool_P054_W1,True,False,15.3239,strong,117.453835,234.90767
custom_shark_in_a_pool,custom_shark_in_a_pool_P055,L,86.796,m2,1,1,87.818,,custom_shark_in_a_pool_P055_W1,True,False,12.7591,medium,117.453835,234.90767
custom_shark_in_a_pool,custom_shark_in_a_pool_P056,R,88.097,s2,1,3,89.118,,custom_shark_in_a_pool_P056_W1,True,True,18.5191,climax,117.453835,234.90767
custom_shark_in_a_pool,custom_shark_in_a_pool_P056,R,88.097,s2,2,3,89.35,232.2,custom_shark_in_a_pool_P056_W2,True,True,16.3463,strong,117.453835,234.90767
custom_shark_in_a_pool,custom_shark_in_a_pool_P056,R,88.097,s2,3,3,89.768,418.0,custom_shark_in_a_pool_P056_W3,True,True,11.8409,medium,117.453835,234.90767
custom_shark_in_a_pool,custom_shark_in_a_pool_P057,L,91.278,m3,1,1,92.299,,custom_shark_in_a_pool_P057_W1,True,False,16.7693,strong,117.453835,234.90767
custom_shark_in_a_pool,custom_shark_in_a_pool_P058,R,93.437,m3,1,1,94.459,,custom_shark_in_a_pool_P058_W1,True,False,14.1214,strong,117.453835,234.90767
custom_shark_in_a_pool,custom_shark_in_a_pool_P059,L,94.459,m2,1,1,95.48,,custom_shark_in_a_pool_P059_W1,True,False,11.9231,medium,117.453835,234.90767
custom_shark_in_a_pool,custom_shark_in_a_pool_P060,R,96.549,m2,1,1,97.57,,custom_shark_in_a_pool_P060_W1,True,False,11.5376,medium,117.453835,234.90767
custom_shark_in_a_pool,custom_shark_in_a_pool_P061,L,98.592,m2,1,2,99.614,,custom_shark_in_a_pool_P061_W1,True,True,14.3708,strong,117.453835,234.90767
custom_shark_in_a_pool,custom_shark_in_a_pool_P061,L,98.592,m2,2,2,100.124,510.8,custom_shark_in_a_pool_P061_W2,True,True,12.5438,medium,117.453835,234.90767
custom_shark_in_a_pool,custom_shark_in_a_pool_P062,R,100.101,m2,1,1,101.123,,custom_shark_in_a_pool_P062_W1,True,False,12.8553,medium,117.453835,234.90767
custom_shark_in_a_pool,custom_shark_in_a_pool_P063,L,101.68,m1,1,1,102.702,,custom_shark_in_a_pool_P063_W1,True,False,10.6715,normal,117.453835,234.90767
custom_shark_in_a_pool,custom_shark_in_a_pool_P064,R,103.189,m2,1,1,104.211,,custom_shark_in_a_pool_P064_W1,True,False,12.5525,medium,117.453835,234.90767
custom_shark_in_a_pool,custom_shark_in_a_pool_P065,L,104.745,m2,1,1,105.767,,custom_shark_in_a_pool_P065_W1,True,False,11.9448,medium,117.453835,234.90767
custom_shark_in_a_pool,custom_shark_in_a_pool_P066,R,106.022,m1,1,1,107.044,,custom_shark_in_a_pool_P066_W1,True,False,9.5726,normal,117.453835,234.90767
custom_shark_in_a_pool,custom_shark_in_a_pool_P067,L,107.299,s2,1,3,108.321,,custom_shark_in_a_pool_P067_W1,True,True,15.8745,strong,117.453835,234.90767
custom_shark_in_a_pool,custom_shark_in_a_pool_P067,L,107.299,s2,2,3,108.832,510.8,custom_shark_in_a_pool_P067_W2,True,True,15.4805,strong,117.453835,234.90767
custom_shark_in_a_pool,custom_shark_in_a_pool_P067,L,107.299,s2,3,3,109.041,209.0,custom_shark_in_a_pool_P067_W3,True,True,14.0881,strong,117.453835,234.90767
custom_shark_in_a_pool,custom_shark_in_a_pool_P068,R,110.109,m3,1,3,111.131,,custom_shark_in_a_pool_P068_W1,True,True,15.9271,strong,117.453835,234.90767
custom_shark_in_a_pool,custom_shark_in_a_pool_P068,R,110.109,m3,2,3,111.665,534.1,custom_shark_in_a_pool_P068_W2,True,True,12.8824,medium,117.453835,234.90767
custom_shark_in_a_pool,custom_shark_in_a_pool_P068,R,110.109,m3,3,3,111.92,255.4,custom_shark_in_a_pool_P068_W3,True,True,12.1258,medium,117.453835,234.90767
custom_shark_in_a_pool,custom_shark_in_a_pool_P069,L,112.942,m3,1,1,113.964,,custom_shark_in_a_pool_P069_W1,True,False,15.9947,strong,117.453835,234.90767
custom_shark_in_a_pool,custom_shark_in_a_pool_P070,R,114.01,m1,1,1,115.032,,custom_shark_in_a_pool_P070_W1,True,False,10.6526,normal,117.453835,234.90767
custom_shark_in_a_pool,custom_shark_in_a_pool_P071,L,114.985,m3,1,1,116.007,,custom_shark_in_a_pool_P071_W1,True,False,14.2483,strong,117.453835,234.90767
custom_shark_in_a_pool,custom_shark_in_a_pool_P072,R,116.518,m2,1,1,117.539,,custom_shark_in_a_pool_P072_W1,True,False,12.9714,medium,117.453835,234.90767
custom_shark_in_a_pool,custom_shark_in_a_pool_P073,L,117.563,b1,1,1,118.584,,custom_shark_in_a_pool_P073_W1,True,False,17.5422,climax,117.453835,234.90767
custom_shark_in_a_pool,custom_shark_in_a_pool_P074,R,118.329,m2,1,1,119.351,,custom_shark_in_a_pool_P074_W1,True,False,11.4489,medium,117.453835,234.90767
custom_shark_in_a_pool,custom_shark_in_a_pool_P075,L,119.606,b1,1,1,120.628,,custom_shark_in_a_pool_P075_W1,True,False,18.1661,climax,117.453835,234.90767
custom_shark_in_a_pool,custom_shark_in_a_pool_P076,R,121.649,m3,1,1,122.671,,custom_shark_in_a_pool_P076_W1,True,False,14.1072,strong,117.453835,234.90767
custom_shark_in_a_pool,custom_shark_in_a_pool_P077,L,122.439,m2,1,1,123.46,,custom_shark_in_a_pool_P077_W1,True,False,12.0671,medium,117.453835,234.90767
custom_shark_in_a_pool,custom_shark_in_a_pool_P078,R,123.716,m2,1,1,124.738,,custom_shark_in_a_pool_P078_W1,True,False,12.0634,medium,117.453835,234.90767
custom_shark_in_a_pool,custom_shark_in_a_pool_P079,L,125.248,m2,1,1,126.27,,custom_shark_in_a_pool_P079_W1,True,False,12.3511,medium,117.453835,234.90767
custom_shark_in_a_pool,custom_shark_in_a_pool_P080,R,126.526,m2,1,1,127.547,,custom_shark_in_a_pool_P080_W1,True,False,12.5338,medium,117.453835,234.90767
custom_shark_in_a_pool,custom_shark_in_a_pool_P081,L,128.197,m2,1,1,129.219,,custom_shark_in_a_pool_P081_W1,True,False,13.234,medium,117.453835,234.90767
custom_shark_in_a_pool,custom_shark_in_a_pool_P082,R,129.358,m2,1,1,130.38,,custom_shark_in_a_pool_P082_W1,True,False,11.1516,medium,117.453835,234.90767
custom_shark_in_a_pool,custom_shark_in_a_pool_P083,L,131.913,m1,1,1,132.934,,custom_shark_in_a_pool_P083_W1,True,False,6.5713,normal,117.453835,234.90767
custom_shark_in_a_pool,custom_shark_in_a_pool_P084,R,134.745,m1,1,1,135.767,,custom_shark_in_a_pool_P084_W1,True,False,9.2791,normal,117.453835,234.90767
custom_shark_in_a_pool,custom_shark_in_a_pool_P085,L,136.022,m2,1,1,137.044,,custom_shark_in_a_pool_P085_W1,True,False,12.0185,medium,117.453835,234.90767
custom_shark_in_a_pool,custom_shark_in_a_pool_P086,R,138.623,m1,1,1,139.645,,custom_shark_in_a_pool_P086_W1,True,False,10.9633,normal,117.453835,234.90767
custom_shark_in_a_pool,custom_shark_in_a_pool_P087,L,140.899,m1,1,1,141.92,,custom_shark_in_a_pool_P087_W1,True,False,10.968,normal,117.453835,234.90767
custom_shark_in_a_pool,custom_shark_in_a_pool_P088,R,141.665,m2,1,1,142.687,,custom_shark_in_a_pool_P088_W1,True,False,12.132,medium,117.453835,234.90767
custom_shark_in_a_pool,custom_shark_in_a_pool_P089,L,143.708,b1,1,1,144.73,,custom_shark_in_a_pool_P089_W1,True,False,20.0765,climax,117.453835,234.90767
custom_shark_in_a_pool,custom_shark_in_a_pool_P090,R,144.753,m1,1,1,145.775,,custom_shark_in_a_pool_P090_W1,True,False,9.9301,normal,117.453835,234.90767
custom_shark_in_a_pool,custom_shark_in_a_pool_P091,L,146.286,m2,1,1,147.307,,custom_shark_in_a_pool_P091_W1,True,False,11.3636,medium,117.453835,234.90767
custom_shark_in_a_pool,custom_shark_in_a_pool_P092,R,147.052,m1,1,1,148.074,,custom_shark_in_a_pool_P092_W1,True,False,10.1158,normal,117.453835,234.90767
custom_shark_in_a_pool,custom_shark_in_a_pool_P093,L,148.84,m2,1,1,149.862,,custom_shark_in_a_pool_P093_W1,True,False,12.2783,medium,117.453835,234.90767
custom_shark_in_a_pool,custom_shark_in_a_pool_P094,R,151.139,m2,1,1,152.16,,custom_shark_in_a_pool_P094_W1,True,False,12.6089,medium,117.453835,234.90767
custom_shark_in_a_pool,custom_shark_in_a_pool_P095,L,152.439,m2,1,1,153.461,,custom_shark_in_a_pool_P095_W1,True,False,11.2641,medium,117.453835,234.90767
custom_shark_in_a_pool,custom_shark_in_a_pool_P096,R,153.716,m2,1,1,154.738,,custom_shark_in_a_pool_P096_W1,True,False,12.1512,medium,117.453835,234.90767
custom_shark_in_a_pool,custom_shark_in_a_pool_P097,L,155.759,b1,1,1,156.781,,custom_shark_in_a_pool_P097_W1,True,False,22.3926,climax,117.453835,234.90767
custom_shark_in_a_pool,custom_shark_in_a_pool_P098,R,156.526,s2,1,3,157.547,,custom_shark_in_a_pool_P098_W1,True,True,24.2955,climax,117.453835,234.90767
custom_shark_in_a_pool,custom_shark_in_a_pool_P098,R,156.526,s2,2,3,158.058,510.8,custom_shark_in_a_pool_P098_W2,True,True,13.2053,medium,117.453835,234.90767
custom_shark_in_a_pool,custom_shark_in_a_pool_P098,R,156.526,s2,3,3,158.314,255.4,custom_shark_in_a_pool_P098_W3,True,True,15.8906,strong,117.453835,234.90767
custom_shark_in_a_pool,custom_shark_in_a_pool_P099,L,159.869,s2,1,3,160.891,,custom_shark_in_a_pool_P099_W1,True,True,17.1955,climax,117.453835,234.90767
custom_shark_in_a_pool,custom_shark_in_a_pool_P099,L,159.869,s2,2,3,161.146,255.4,custom_shark_in_a_pool_P099_W2,True,True,15.4041,strong,117.453835,234.90767
custom_shark_in_a_pool,custom_shark_in_a_pool_P099,L,159.869,s2,3,3,161.657,510.8,custom_shark_in_a_pool_P099_W3,True,True,16.152,strong,117.453835,234.90767
custom_shark_in_a_pool,custom_shark_in_a_pool_P100,R,161.913,m3,1,1,162.934,,custom_shark_in_a_pool_P100_W1,True,False,15.0558,strong,117.453835,234.90767
custom_shark_in_a_pool,custom_shark_in_a_pool_P101,L,163.445,b1,1,1,164.467,,custom_shark_in_a_pool_P101_W1,True,False,19.3895,climax,117.453835,234.90767
custom_shark_in_a_pool,custom_shark_in_a_pool_P102,R,164.746,m2,1,1,165.767,,custom_shark_in_a_pool_P102_W1,True,False,13.8504,medium,117.453835,234.90767
custom_shark_in_a_pool,custom_shark_in_a_pool_P103,L,165.512,m1,1,1,166.534,,custom_shark_in_a_pool_P103_W1,True,False,9.1413,normal,117.453835,234.90767
custom_shark_in_a_pool,custom_shark_in_a_pool_P104,R,167.555,m2,1,1,168.577,,custom_shark_in_a_pool_P104_W1,True,False,13.8899,medium,117.453835,234.90767
custom_shark_in_a_pool,custom_shark_in_a_pool_P105,L,170.109,m2,1,1,171.131,,custom_shark_in_a_pool_P105_W1,True,False,13.1352,medium,117.453835,234.90767
custom_shark_in_a_pool,custom_shark_in_a_pool_P106,R,171.41,m2,1,1,172.431,,custom_shark_in_a_pool_P106_W1,True,False,13.5026,medium,117.453835,234.90767
custom_shark_in_a_pool,custom_shark_in_a_pool_P107,L,172.919,s2,1,3,173.941,,custom_shark_in_a_pool_P107_W1,True,True,17.4107,climax,117.453835,234.90767
custom_shark_in_a_pool,custom_shark_in_a_pool_P107,L,172.919,s2,2,3,174.475,534.1,custom_shark_in_a_pool_P107_W2,True,True,18.8492,climax,117.453835,234.90767
custom_shark_in_a_pool,custom_shark_in_a_pool_P107,L,172.919,s2,3,3,174.73,255.4,custom_shark_in_a_pool_P107_W3,True,True,14.8992,strong,117.453835,234.90767
custom_shark_in_a_pool,custom_shark_in_a_pool_P108,R,176.263,m2,1,1,177.284,,custom_shark_in_a_pool_P108_W1,True,False,12.6107,medium,117.453835,234.90767
custom_shark_in_a_pool,custom_shark_in_a_pool_P109,L,177.052,m2,1,1,178.074,,custom_shark_in_a_pool_P109_W1,True,False,12.7263,medium,117.453835,234.90767
custom_shark_in_a_pool,custom_shark_in_a_pool_P110,R,178.329,m3,1,1,179.351,,custom_shark_in_a_pool_P110_W1,True,False,16.2396,strong,117.453835,234.90767
custom_shark_in_a_pool,custom_shark_in_a_pool_P111,L,179.862,m3,1,1,180.883,,custom_shark_in_a_pool_P111_W1,True,False,16.9837,strong,117.453835,234.90767
custom_shark_in_a_pool,custom_shark_in_a_pool_P112,R,181.139,m2,1,1,182.161,,custom_shark_in_a_pool_P112_W1,True,False,12.053,medium,117.453835,234.90767
custom_shark_in_a_pool,custom_shark_in_a_pool_P113,L,181.928,m1,1,1,182.95,,custom_shark_in_a_pool_P113_W1,True,False,8.273,normal,117.453835,234.90767
custom_shark_in_a_pool,custom_shark_in_a_pool_P114,R,183.972,s1,1,2,184.993,,custom_shark_in_a_pool_P114_W1,True,True,18.4472,climax,117.453835,234.90767
custom_shark_in_a_pool,custom_shark_in_a_pool_P114,R,183.972,s1,2,2,185.249,255.4,custom_shark_in_a_pool_P114_W2,True,True,15.3919,strong,117.453835,234.90767
custom_shark_in_a_pool,custom_shark_in_a_pool_P115,L,185.249,b1,1,1,186.27,,custom_shark_in_a_pool_P115_W1,True,False,17.602,climax,117.453835,234.90767
custom_shark_in_a_pool,custom_shark_in_a_pool_P116,R,186.27,m2,1,1,187.292,,custom_shark_in_a_pool_P116_W1,True,False,11.828,medium,117.453835,234.90767
custom_shark_in_a_pool,custom_shark_in_a_pool_P117,L,187.687,m3,1,3,188.709,,custom_shark_in_a_pool_P117_W1,True,True,15.3314,strong,117.453835,234.90767
custom_shark_in_a_pool,custom_shark_in_a_pool_P117,L,187.687,m3,2,3,189.103,394.7,custom_shark_in_a_pool_P117_W2,True,True,13.9928,medium,117.453835,234.90767
custom_shark_in_a_pool,custom_shark_in_a_pool_P117,L,187.687,m3,3,3,189.359,255.4,custom_shark_in_a_pool_P117_W3,True,True,12.3094,medium,117.453835,234.90767
custom_shark_in_a_pool,custom_shark_in_a_pool_P118,R,189.359,m3,1,1,190.38,,custom_shark_in_a_pool_P118_W1,True,False,16.654,strong,117.453835,234.90767
custom_shark_in_a_pool,custom_shark_in_a_pool_P119,L,190.38,m3,1,1,191.402,,custom_shark_in_a_pool_P119_W1,True,False,16.9964,strong,117.453835,234.90767
custom_shark_in_a_pool,custom_shark_in_a_pool_P120,R,192.424,m2,1,1,193.445,,custom_shark_in_a_pool_P120_W1,True,False,12.4697,medium,117.453835,234.90767
custom_shark_in_a_pool,custom_shark_in_a_pool_P121,L,193.445,m3,1,1,194.467,,custom_shark_in_a_pool_P121_W1,True,False,17.07,strong,117.453835,234.90767
custom_shark_in_a_pool,custom_shark_in_a_pool_P122,R,194.49,m2,1,1,195.512,,custom_shark_in_a_pool_P122_W1,True,False,11.2213,medium,117.453835,234.90767
custom_shark_in_a_pool,custom_shark_in_a_pool_P123,L,196.278,m2,1,1,197.3,,custom_shark_in_a_pool_P123_W1,True,False,13.9095,medium,117.453835,234.90767
custom_shark_in_a_pool,custom_shark_in_a_pool_P124,R,197.555,b1,1,1,198.577,,custom_shark_in_a_pool_P124_W1,True,False,21.2989,climax,117.453835,234.90767
custom_shark_in_a_pool,custom_shark_in_a_pool_P125,L,198.345,m1,1,1,199.367,,custom_shark_in_a_pool_P125_W1,True,False,7.2344,normal,117.453835,234.90767
custom_shark_in_a_pool,custom_shark_in_a_pool_P126,R,201.154,s1,1,2,202.176,,custom_shark_in_a_pool_P126_W1,True,True,17.1851,climax,117.453835,234.90767
custom_shark_in_a_pool,custom_shark_in_a_pool_P126,R,201.154,s1,2,2,202.687,510.8,custom_shark_in_a_pool_P126_W2,True,True,19.0399,climax,117.453835,234.90767
custom_shark_in_a_pool,custom_shark_in_a_pool_P127,L,202.432,b1,1,1,203.453,,custom_shark_in_a_pool_P127_W1,True,False,22.9256,climax,117.453835,234.90767
custom_shark_in_a_pool,custom_shark_in_a_pool_P128,R,203.709,b1,1,1,204.73,,custom_shark_in_a_pool_P128_W1,True,False,25.1955,climax,117.453835,234.90767
custom_shark_in_a_pool,custom_shark_in_a_pool_P129,L,204.475,b1,1,1,205.497,,custom_shark_in_a_pool_P129_W1,True,False,23.5099,climax,117.453835,234.90767
custom_shark_in_a_pool,custom_shark_in_a_pool_P130,R,205.752,b1,1,1,206.774,,custom_shark_in_a_pool_P130_W1,True,False,20.2215,climax,117.453835,234.90767
custom_shark_in_a_pool,custom_shark_in_a_pool_P131,L,207.819,b1,1,1,208.84,,custom_shark_in_a_pool_P131_W1,True,False,19.3685,climax,117.453835,234.90767
custom_shark_in_a_pool,custom_shark_in_a_pool_P132,R,209.351,s1,1,2,210.373,,custom_shark_in_a_pool_P132_W1,True,True,27.5969,climax,117.453835,234.90767
custom_shark_in_a_pool,custom_shark_in_a_pool_P132,R,209.351,s1,2,2,210.884,510.8,custom_shark_in_a_pool_P132_W2,True,True,25.8082,climax,117.453835,234.90767
custom_shark_in_a_pool,custom_shark_in_a_pool_P133,L,211.394,s1,1,2,212.416,,custom_shark_in_a_pool_P133_W1,True,True,22.8953,climax,117.453835,234.90767
custom_shark_in_a_pool,custom_shark_in_a_pool_P133,L,211.394,s1,2,2,212.927,510.8,custom_shark_in_a_pool_P133_W2,True,True,20.6447,climax,117.453835,234.90767
custom_shark_in_a_pool,custom_shark_in_a_pool_P134,R,213.461,s1,1,2,214.483,,custom_shark_in_a_pool_P134_W1,True,True,17.6459,climax,117.453835,234.90767
custom_shark_in_a_pool,custom_shark_in_a_pool_P134,R,213.461,s1,2,2,214.994,510.8,custom_shark_in_a_pool_P134_W2,True,True,20.678,climax,117.453835,234.90767
custom_shark_in_a_pool,custom_shark_in_a_pool_P135,L,214.738,b1,1,1,215.76,,custom_shark_in_a_pool_P135_W1,True,False,24.4736,climax,117.453835,234.90767
custom_shark_in_a_pool,custom_shark_in_a_pool_P136,R,215.504,b1,1,1,216.526,,custom_shark_in_a_pool_P136_W1,True,False,27.4773,climax,117.453835,234.90767
