song_id,start_time_sec,side,pattern_id
song_1,20.480,left,s1
song_1,25.310,right,m1
song_1,30.140,left,s1
song_1,34.969,right,m1
song_1,39.799,right,s2
song_1,44.629,left,m2
song_1,49.459,right,s1
song_1,54.288,left,m1
song_1,59.118,left,s2
song_1,63.948,right,m2
song_1,68.778,left,m3
song_1,73.607,right,s1
song_1,78.437,right,b1
song_1,83.267,left,m2
song_1,88.097,right,s2
song_1,92.926,left,m3
song_1,97.756,right,m1
song_1,102.586,left,b1
song_1,107.416,left,s2
song_1,112.245,right,m3
song_1,117.075,left,m2
song_1,121.905,right,s1
song_1,126.735,right,b1
song_1,131.564,left,m3
song_2,20.155,left,m1
song_2,26.006,left,s1
song_2,31.858,right,m2
song_2,37.709,left,m1
song_2,43.561,right,s2
song_2,49.412,right,m2
song_2,55.263,left,b1
song_2,61.115,right,m1
song_2,66.966,left,m3
song_2,72.818,left,s1
song_2,78.669,right,m2
song_2,84.521,left,b1
song_2,90.372,right,m3
song_2,96.223,right,s2
song_2,102.075,left,m1
song_2,107.926,right,m3
song_2,113.778,left,b1
song_3,32.113,left,s1
song_3,37.686,right,s2
song_3,43.259,right,m2
song_3,48.832,left,s2
song_3,54.404,right,m3
song_3,59.977,left,s1
song_3,65.550,left,m3
song_3,71.123,right,b1
song_3,76.696,left,s2
song_3,82.268,right,m2
song_3,87.841,right,m3
song_3,93.414,left,s2
song_3,98.987,right,b1
song_3,104.559,left,m3
song_3,110.132,right,s1
song_3,115.705,left,m2
song_3,121.278,left,s2
song_3,126.851,right,m3
song_3,132.423,right,b1
song_3,137.996,left,s2
song_3,143.569,right,m3
song_3,149.142,left,m2
song_3,154.715,right,s2
song_3,160.287,right,b1
song_3,165.860,left,m3
song_3,171.433,right,s1
song_3,177.006,left,m3
song_4,16.300,left,m1
song_4,21.107,right,s1
song_4,25.913,left,m2
song_4,30.720,right,s2
song_4,35.527,right,m3
song_4,40.333,left,b1
song_4,45.140,left,m2
song_4,49.946,right,s2
song_4,54.753,left,m3
song_4,59.559,right,b1
song_4,64.366,right,s1
song_4,69.172,left,m3
song_4,73.979,right,m2
song_4,78.785,left,b1
song_4,83.592,right,s2
song_4,88.398,left,m3
song_4,93.205,right,ex1
song_4,98.011,left,m2
song_4,102.818,right,b1
song_4,107.624,right,ex1
song_4,112.431,left,s2
song_4,117.238,right,m3
song_4,122.044,left,ex1
