song_id,start_time_sec,target_time_sec,side,pattern_id,timing_grid,nearest_beat_sec
song_1,19.845000000000,22.245000,left,s1,authored_accent,22.248613
song_1,24.651000000000,27.051000,right,m1,authored_accent,27.048613
song_1,31.849000000000,34.249000,left,s2,authored_accent,34.248613
song_1,36.656000000000,39.056000,right,m2,authored_accent,39.048613
song_1,43.854000000000,46.254000,left,m1,authored_accent,46.248613
song_1,51.052000000000,53.452000,right,m3,authored_accent,53.448613
song_1,58.251000000000,60.651000,left,s1,authored_accent,60.648613
song_1,67.840000000000,70.240000,right,b1,authored_accent,70.248613
song_1,77.453000000000,79.853000,left,s2,authored_accent,79.848613
song_1,82.237000000000,84.637000,right,m2,authored_accent,84.648613
song_1,87.043000000000,89.443000,left,m3,authored_accent,89.448613
song_1,96.656000000000,99.056000,right,s1,authored_accent,99.048613
song_1,101.440000000000,103.840000,left,b1,authored_accent,103.848613
song_1,106.246000000000,108.646000,right,m2,authored_accent,108.648613
song_1,111.053000000000,113.453000,left,s2,authored_accent,113.448613
song_1,118.251000000000,120.651000,right,m3,authored_accent,120.648613
song_1,123.057000000000,125.457000,left,b1,authored_accent,125.448613
song_1,127.841000000000,130.241000,right,m3,authored_accent,130.248613
song_2,19.705824264015,23.142398,left,m1,detected_accent_review,23.162002
song_2,26.021470264015,29.458044,left,s1,detected_accent_review,29.605578
song_2,31.314441264015,34.751015,right,m2,detected_accent_review,34.760438
song_2,37.799702264015,41.236276,left,m1,detected_accent_review,41.204014
song_2,43.292219264015,46.728793,right,s2,detected_accent_review,46.788446
song_2,49.363420264015,52.799994,right,m2,detected_accent_review,52.802450
song_2,54.980654264015,58.417228,left,b1,detected_accent_review,58.386883
song_2,60.817389264015,64.253963,right,m1,detected_accent_review,64.400887
song_2,67.247774264015,70.684348,left,m3,detected_accent_review,70.844463
song_2,72.640518264015,76.077092,left,s1,detected_accent_review,75.999323
song_2,78.128046264015,81.564620,right,m2,detected_accent_review,81.583756
song_2,84.683148264015,88.119722,left,b1,detected_accent_review,88.027331
song_2,90.125779264015,93.562353,right,m3,detected_accent_review,93.611764
song_2,96.097207264015,99.533781,right,s2,detected_accent_review,99.625768
song_2,102.148454264015,105.585028,left,m1,detected_accent_review,105.639772
song_2,107.960246264015,111.396820,right,m3,detected_accent_review,111.224204
song_2,113.258205264015,116.694779,left,b1,detected_accent_review,116.808636
song_3,31.523001153846,33.369155,left,s1,detected_accent_review,33.265385
song_3,37.414611153846,39.260765,right,s2,detected_accent_review,39.265385
song_3,42.877196153846,44.723350,right,m2,detected_accent_review,44.803847
song_3,48.883546153846,50.729700,left,s2,detected_accent_review,50.803847
song_3,53.917106153846,55.763260,right,m3,detected_accent_review,55.650001
song_3,60.257695153846,62.103849,left,s1,detected_accent_review,62.111539
song_3,65.455881153846,67.302035,left,m3,detected_accent_review,67.188462
song_3,70.564271153846,72.410425,right,b1,detected_accent_review,72.496154
song_3,76.061777153846,77.907931,left,s2,detected_accent_review,77.803847
song_3,82.532072153846,84.378226,right,m2,detected_accent_review,84.265385
song_3,87.929804153846,89.775958,right,m3,detected_accent_review,89.803847
song_3,92.998285153846,94.844439,left,s2,detected_accent_review,94.880770
song_3,98.800099153846,100.646253,right,b1,detected_accent_review,100.650001
song_3,104.332525153846,106.178679,left,m3,detected_accent_review,106.188462
song_3,110.338874153846,112.185028,right,s1,detected_accent_review,112.188462
song_3,115.876289153846,117.722443,left,m2,detected_accent_review,117.726924
song_3,121.408716153846,123.254870,left,s2,detected_accent_review,123.265385
song_3,126.831391153846,128.677545,right,m3,detected_accent_review,128.573078
song_3,131.874929153846,133.721083,right,b1,detected_accent_review,133.650001
song_3,137.926176153846,139.772330,left,s2,detected_accent_review,139.880770
song_3,143.563364153846,145.409518,right,m3,detected_accent_review,145.419231
song_3,148.951119153846,150.797273,left,m2,detected_accent_review,150.726924
song_3,154.523455153846,156.369609,right,s2,detected_accent_review,156.265385
song_3,160.070847153846,161.917001,right,b1,detected_accent_review,161.803847
song_3,165.219146153846,167.065300,left,m3,detected_accent_review,167.111539
song_3,171.719373153846,173.565527,right,s1,detected_accent_review,173.573078
song_3,176.827763153846,178.673917,left,m3,detected_accent_review,178.650001
song_4,15.728154382146,17.864393,left,m1,detected_accent_review,17.832730
song_4,20.846522382146,22.982761,right,s1,detected_accent_review,22.906297
song_4,25.795275382146,27.931514,left,m2,detected_accent_review,27.979863
song_4,30.719084382146,32.855323,right,s2,detected_accent_review,32.786400
song_4,35.458313382146,37.594552,right,m3,detected_accent_review,37.592937
song_4,39.738585382146,41.874824,left,b1,detected_accent_review,41.865414
song_4,45.106386382146,47.242625,left,m2,detected_accent_review,47.206011
song_4,49.611148382146,51.747387,right,s2,detected_accent_review,51.745518
song_4,54.764436382146,56.900675,left,m3,detected_accent_review,56.819085
song_4,58.964889382146,61.101128,right,b1,detected_accent_review,61.091562
song_4,64.646975382146,66.783214,right,s1,detected_accent_review,66.699188
song_4,69.376227382146,71.512466,left,m3,detected_accent_review,71.505725
song_4,74.135411382146,76.271650,right,m2,detected_accent_review,76.312262
song_4,79.014322382146,81.150561,left,b1,detected_accent_review,81.118799
song_4,83.524073382146,85.660312,right,s2,detected_accent_review,85.658306
song_4,88.647429382146,90.783668,left,m3,detected_accent_review,90.731873
song_4,92.773052382146,94.909291,right,ex1,detected_accent_review,95.004350
song_4,98.135864382146,100.272103,left,m2,detected_accent_review,100.344947
song_4,103.079628382146,105.215867,right,b1,detected_accent_review,105.151483
song_4,107.574413382146,109.710652,right,ex1,detected_accent_review,109.690991
song_4,112.647882382146,114.784121,left,s2,detected_accent_review,114.764557
song_4,117.412055382146,119.548294,right,m3,detected_accent_review,119.571094
song_4,121.846975382146,123.983214,left,ex1,detected_accent_review,124.110601
