song_id,event_index,pattern_id,prior_nearest_target_sec,target_time_sec,start_time_sec,delta_sec,human_verified
song_2,0,m1,23.142398,23.142398,19.705824264015,0.000000,false
song_2,1,s1,29.458044,27.876638,24.440064264015,-1.581406,false
song_2,2,m2,34.751015,32.625845,29.189271264015,-2.125170,false
song_2,3,m2,34.751015,37.774144,34.337570264015,3.023129,false
song_2,4,m1,41.236276,42.508384,39.071810264015,1.272108,false
song_2,5,s2,46.728793,46.763713,43.327139264015,0.034920,false
song_2,6,m2,52.799994,51.522897,48.086323264015,-1.277097,false
song_2,7,b1,58.417228,55.783214,52.346640264015,-2.634014,false
song_2,8,b1,58.417228,60.552375,57.115801264015,2.135147,false
song_2,9,m1,64.253963,65.266661,61.830087264015,1.012698,false
song_2,10,m3,70.684348,70.409972,66.973398264015,-0.274376,false
song_2,11,s1,76.077092,75.578226,72.141652264015,-0.498866,false
song_2,12,m2,81.564620,80.517001,77.080427264015,-1.047619,false
song_2,13,b1,88.119722,85.041718,81.605144264015,-3.078004,false
song_2,14,b1,88.119722,89.701128,86.264554264015,1.581406,false
song_2,15,m3,93.562353,93.971423,90.534849264015,0.409070,false
song_2,16,s2,99.533781,98.785482,95.348908264015,-0.748299,false
song_2,17,m1,105.585028,103.504756,100.068182264015,-2.080272,false
song_2,18,m1,105.585028,107.770062,104.333488264015,2.185034,false
song_2,19,m3,111.396820,112.135142,108.698568264015,0.738322,false
song_2,20,b1,116.694779,116.694779,113.258205264015,0.000000,false
song_3,0,s1,33.369155,33.369155,31.523001153846,0.000000,false
song_3,1,s1,33.369155,36.023124,34.176970153846,2.653969,false
song_3,2,s2,39.260765,39.031287,37.185133153846,-0.229478,false
song_3,3,s2,39.260765,41.799994,39.953840153846,2.539229,false
song_3,4,m2,44.723350,44.414053,42.567899153846,-0.309297,false
song_3,5,m2,44.723350,47.332421,45.486267153846,2.609071,false
song_3,6,s2,50.729700,50.365527,48.519373153846,-0.364173,false
song_3,7,s2,50.729700,52.984575,51.138421153846,2.254875,false
song_3,8,m3,55.763260,55.638543,53.792389153846,-0.124717,false
song_3,9,m3,55.763260,58.586842,56.740688153846,2.823582,false
song_3,10,s1,62.103849,61.689790,59.843636153846,-0.414059,false
song_3,11,s1,62.103849,64.563260,62.717106153846,2.459411,false
song_3,12,m3,67.302035,67.177319,65.331165153846,-0.124716,false
song_3,13,b1,72.410425,70.180493,68.334339153846,-2.229932,false
song_3,14,b1,72.410425,73.203622,71.357468153846,0.793197,false
song_3,15,s2,77.907931,76.206797,74.360643153846,-1.701134,false
song_3,16,s2,77.907931,79.090244,77.244090153846,1.182313,false
song_3,17,m2,84.378226,81.948747,80.102593153846,-2.429479,false
song_3,18,m2,84.378226,84.956910,83.110756153846,0.578684,false
song_3,19,m3,89.775958,88.124711,86.278557153846,-1.651247,false
song_3,20,m3,89.775958,90.983214,89.137060153846,1.207256,false
song_3,21,s2,94.844439,93.906570,92.060416153846,-0.937869,false
song_3,22,s2,94.844439,96.555550,94.709396153846,1.711111,false
song_3,23,b1,100.646253,99.703396,97.857242153846,-0.942857,false
song_3,24,b1,100.646253,102.701582,100.855428153846,2.055329,false
song_3,25,m3,106.178679,105.360539,103.514385153846,-0.818140,false
song_3,26,m3,106.178679,108.024484,106.178330153846,1.845805,false
song_3,27,s1,112.185028,110.818135,108.971981153846,-1.366893,false
song_3,28,s1,112.185028,113.561899,111.715745153846,1.376871,false
song_3,29,m2,117.722443,116.570062,114.723908153846,-1.152381,false
song_3,30,m2,117.722443,119.588203,117.742049153846,1.865760,false
song_3,31,s2,123.254870,122.207251,120.361097153846,-1.047619,false
song_3,32,s2,123.254870,124.951015,123.104861153846,1.696145,false
song_3,33,m3,128.677545,128.133781,126.287627153846,-0.543764,false
song_3,34,m3,128.677545,131.062126,129.215972153846,2.384581,false
song_3,35,b1,133.721083,133.721083,131.874929153846,0.000000,false
song_3,36,s2,139.772330,136.754189,134.908035153846,-3.018141,false
song_3,37,s2,139.772330,139.552829,137.706675153846,-0.219501,false
song_3,38,m3,145.409518,142.665754,140.819600153846,-2.743764,false
song_3,39,m3,145.409518,145.409518,143.563364153846,0.000000,false
song_3,40,m2,150.797273,148.123350,146.277196153846,-2.673923,false
song_3,41,m2,150.797273,150.797273,148.951119153846,0.000000,false
song_3,42,m2,150.797273,153.451241,151.605087153846,2.653968,false
song_3,43,s2,156.369609,156.369609,154.523455153846,0.000000,false
song_3,44,b1,161.917001,159.452602,157.606448153846,-2.464399,false
song_3,45,b1,161.917001,162.490697,160.644543153846,0.573696,false
song_3,46,m3,167.065300,165.309291,163.463137153846,-1.756009,false
song_3,47,m3,167.065300,168.043078,166.196924153846,0.977778,false
song_3,48,s1,173.565527,170.766888,168.920734153846,-2.798639,false
song_3,49,s1,173.565527,173.565527,171.719373153846,0.000000,false
song_3,50,m3,178.673917,176.369155,174.523001153846,-2.304762,false
song_4,0,m1,17.864393,17.864393,15.728154382146,0.000000,false
song_4,1,s1,22.982761,21.226752,19.090513382146,-1.756009,false
song_4,2,s1,22.982761,24.728793,22.592554382146,1.746032,false
song_4,3,m2,27.931514,27.931514,25.795275382146,0.000000,false
song_4,4,s2,32.855323,30.914734,28.778495382146,-1.940589,false
song_4,5,s2,32.855323,34.147387,32.011148382146,1.292064,false
song_4,6,m3,37.594552,37.594552,35.458313382146,0.000000,false
song_4,7,b1,41.874824,40.507931,38.371692382146,-1.366893,false
song_4,8,b1,41.874824,43.436276,41.300037382146,1.561452,false
song_4,9,m2,47.242625,46.983214,44.846975382146,-0.259411,false
song_4,10,s2,51.747387,50.141037,48.004798382146,-1.606350,false
song_4,11,s2,51.747387,53.548294,51.412055382146,1.800907,false
song_4,12,m3,56.900675,56.815867,54.679628382146,-0.084808,false
song_4,13,b1,61.101128,60.053509,57.917270382146,-1.047619,false
song_4,14,b1,61.101128,63.026752,60.890513382146,1.925624,false
song_4,15,s1,66.783214,66.429019,64.292780382146,-0.354195,false
song_4,16,m3,71.512466,69.651695,67.515456382146,-1.860771,false
song_4,17,m3,71.512466,73.108838,70.972599382146,1.596372,false
song_4,18,m2,76.271650,76.271650,74.135411382146,0.000000,false
song_4,19,b1,81.150561,79.234915,77.098676382146,-1.915646,false
song_4,20,b1,81.150561,82.627205,80.490966382146,1.476644,false
song_4,21,s2,85.660312,85.660312,83.524073382146,0.000000,false
song_4,22,m3,90.783668,89.062579,86.926340382146,-1.721089,false
song_4,23,m3,90.783668,92.504756,90.368517382146,1.721088,false
song_4,24,ex1,94.909291,95.852149,93.715910382146,0.942858,false
song_4,25,m2,100.272103,99.024938,96.888699382146,-1.247165,false
song_4,26,m2,100.272103,102.372330,100.236091382146,2.100227,false
song_4,27,b1,105.215867,105.430380,103.294141382146,0.214513,false
song_4,28,ex1,109.710652,108.328793,106.192554382146,-1.381859,false
song_4,29,ex1,109.710652,111.606344,109.470105382146,1.895692,false
song_4,30,s2,114.784121,115.003622,112.867383382146,0.219501,false
song_4,31,m3,119.548294,118.261219,116.124980382146,-1.287075,false
song_4,32,m3,119.548294,121.628566,119.492327382146,2.080272,false
