song_id,event_index,pattern_id,old_start_sec,old_target_sec,start_time_sec,target_time_sec,target_delta_sec,nearest_beat_sec,grid_error_ms,onset_strength,reason,human_verified
song_1,0,s1,19.853000,22.245000,19.845000000000,22.245000,0.000000,22.248613,-3.613,provided,supplied_revised_target,false
song_1,1,m1,24.660000,27.051000,24.651000000000,27.051000,0.000000,27.048613,2.387,provided,supplied_revised_target,false
song_1,2,s2,31.858000,34.249000,31.849000000000,34.249000,0.000000,34.248613,0.387,provided,supplied_revised_target,false
song_1,3,m2,36.641000,39.056000,36.656000000000,39.056000,0.000000,39.048613,7.387,provided,supplied_revised_target,false
song_1,4,m1,43.862000,46.254000,43.854000000000,46.254000,0.000000,46.248613,5.387,provided,supplied_revised_target,false
song_1,5,m3,51.061000,53.452000,51.052000000000,53.452000,0.000000,53.448613,3.387,provided,supplied_revised_target,false
song_1,6,s1,58.259000,60.651000,58.251000000000,60.651000,0.000000,60.648613,2.387,provided,supplied_revised_target,false
song_1,7,b1,67.849000,70.240000,67.840000000000,70.240000,0.000000,70.248613,-8.613,provided,supplied_revised_target,false
song_1,8,s2,77.462000,79.853000,77.453000000000,79.853000,0.000000,79.848613,4.387,provided,supplied_revised_target,false
song_1,9,m2,82.245000,84.637000,82.237000000000,84.637000,0.000000,84.648613,-11.613,provided,supplied_revised_target,false
song_1,10,m3,87.052000,89.443000,87.043000000000,89.443000,0.000000,89.448613,-5.613,provided,supplied_revised_target,false
song_1,11,s1,96.665000,99.056000,96.656000000000,99.056000,0.000000,99.048613,7.387,provided,supplied_revised_target,false
song_1,12,b1,101.448000,103.840000,101.440000000000,103.840000,0.000000,103.848613,-8.613,provided,supplied_revised_target,false
song_1,13,m2,106.255000,108.646000,106.246000000000,108.646000,0.000000,108.648613,-2.613,provided,supplied_revised_target,false
song_1,14,s2,111.038000,113.453000,111.053000000000,113.453000,0.000000,113.448613,4.387,provided,supplied_revised_target,false
song_1,15,m3,118.236000,120.651000,118.251000000000,120.651000,0.000000,120.648613,2.387,provided,supplied_revised_target,false
song_1,16,b1,123.043000,125.457000,123.057000000000,125.457000,0.000000,125.448613,8.387,provided,supplied_revised_target,false
song_1,17,m3,127.849000,130.241000,127.841000000000,130.241000,0.000000,130.248613,-7.613,provided,supplied_revised_target,false
song_2,0,m1,20.155000,23.591574,19.705824264015,23.142398,-0.449176,23.162002,-19.604,0.2861029,earlier_detected_accent,false
song_2,1,s1,26.006000,29.442574,26.021470264015,29.458044,0.015470,29.605578,-147.534,0.2606060,nearby_detected_accent,false
song_2,2,m2,31.858000,35.294574,31.314441264015,34.751015,-0.543559,34.760438,-9.423,0.2878544,earlier_detected_accent,false
song_2,3,m1,37.709000,41.145574,37.799702264015,41.236276,0.090702,41.204014,32.262,0.2815146,later_detected_accent,false
song_2,4,s2,43.561000,46.997574,43.292219264015,46.728793,-0.268781,46.788446,-59.653,0.1864601,earlier_detected_accent,false
song_2,5,m2,49.412000,52.848574,49.363420264015,52.799994,-0.048580,52.802450,-2.456,0.2281532,earlier_detected_accent,false
song_2,6,b1,55.263000,58.699574,54.980654264015,58.417228,-0.282346,58.386883,30.345,0.4949539,earlier_detected_accent,false
song_2,7,m1,61.115000,64.551574,60.817389264015,64.253963,-0.297611,64.400887,-146.924,0.4355664,earlier_detected_accent,false
song_2,8,m3,66.966000,70.402574,67.247774264015,70.684348,0.281774,70.844463,-160.115,0.3430088,later_detected_accent,false
song_2,9,s1,72.818000,76.254574,72.640518264015,76.077092,-0.177482,75.999323,77.769,0.3546998,earlier_detected_accent,false
song_2,10,m2,78.669000,82.105574,78.128046264015,81.564620,-0.540954,81.583756,-19.136,0.2199498,earlier_detected_accent,false
song_2,11,b1,84.521000,87.957574,84.683148264015,88.119722,0.162148,88.027331,92.391,0.1544251,later_detected_accent,false
song_2,12,m3,90.372000,93.808574,90.125779264015,93.562353,-0.246221,93.611764,-49.411,0.2150575,earlier_detected_accent,false
song_2,13,s2,96.223000,99.659574,96.097207264015,99.533781,-0.125793,99.625768,-91.987,0.1620746,earlier_detected_accent,false
song_2,14,m1,102.075000,105.511574,102.148454264015,105.585028,0.073454,105.639772,-54.744,0.1468853,later_detected_accent,false
song_2,15,m3,107.926000,111.362574,107.960246264015,111.396820,0.034246,111.224204,172.616,0.5438196,later_detected_accent,false
song_2,16,b1,113.778000,117.214574,113.258205264015,116.694779,-0.519795,116.808636,-113.857,0.6269321,earlier_detected_accent,false
song_3,0,s1,32.113000,33.970600,31.523001153846,33.369155,-0.601445,33.265385,103.770,0.3867419,earlier_detected_accent,false
song_3,1,s2,37.686000,39.543600,37.414611153846,39.260765,-0.282835,39.265385,-4.620,0.3975317,earlier_detected_accent,false
song_3,2,m2,43.259000,45.116600,42.877196153846,44.723350,-0.393250,44.803847,-80.497,0.3653979,earlier_detected_accent,false
song_3,3,s2,48.832000,50.689600,48.883546153846,50.729700,0.040100,50.803847,-74.147,0.3289945,later_detected_accent,false
song_3,4,m3,54.404000,56.261600,53.917106153846,55.763260,-0.498340,55.650001,113.259,0.3912409,earlier_detected_accent,false
song_3,5,s1,59.977000,61.834600,60.257695153846,62.103849,0.269249,62.111539,-7.690,0.2896229,later_detected_accent,false
song_3,6,m3,65.550000,67.407600,65.455881153846,67.302035,-0.105565,67.188462,113.573,0.3792546,earlier_detected_accent,false
song_3,7,b1,71.123000,72.980600,70.564271153846,72.410425,-0.570175,72.496154,-85.729,0.1776172,earlier_detected_accent,false
song_3,8,s2,76.696000,78.553600,76.061777153846,77.907931,-0.645669,77.803847,104.084,0.3875862,earlier_detected_accent,false
song_3,9,m2,82.268000,84.125600,82.532072153846,84.378226,0.252626,84.265385,112.841,0.3677927,later_detected_accent,false
song_3,10,m3,87.841000,89.698600,87.929804153846,89.775958,0.077358,89.803847,-27.889,0.2877355,later_detected_accent,false
song_3,11,s2,93.414000,95.271600,92.998285153846,94.844439,-0.427161,94.880770,-36.331,0.2193983,earlier_detected_accent,false
song_3,12,b1,98.987000,100.844600,98.800099153846,100.646253,-0.198347,100.650001,-3.748,0.1991419,earlier_detected_accent,false
song_3,13,m3,104.559000,106.416600,104.332525153846,106.178679,-0.237921,106.188462,-9.783,0.3764793,earlier_detected_accent,false
song_3,14,s1,110.132000,111.989600,110.338874153846,112.185028,0.195428,112.188462,-3.434,0.3711693,later_detected_accent,false
song_3,15,m2,115.705000,117.562600,115.876289153846,117.722443,0.159843,117.726924,-4.481,0.2723679,later_detected_accent,false
song_3,16,s2,121.278000,123.135600,121.408716153846,123.254870,0.119270,123.265385,-10.515,0.3492334,later_detected_accent,false
song_3,17,m3,126.851000,128.708600,126.831391153846,128.677545,-0.031055,128.573078,104.467,0.3993997,earlier_detected_accent,false
song_3,18,b1,132.423000,134.280600,131.874929153846,133.721083,-0.559517,133.650001,71.082,0.3434607,earlier_detected_accent,false
song_3,19,s2,137.996000,139.853600,137.926176153846,139.772330,-0.081270,139.880770,-108.440,0.2909436,earlier_detected_accent,false
song_3,20,m3,143.569000,145.426600,143.563364153846,145.409518,-0.017082,145.419231,-9.713,0.4298349,nearby_detected_accent,false
song_3,21,m2,149.142000,150.999600,148.951119153846,150.797273,-0.202327,150.726924,70.349,0.4268638,earlier_detected_accent,false
song_3,22,s2,154.715000,156.572600,154.523455153846,156.369609,-0.202991,156.265385,104.224,0.4129105,earlier_detected_accent,false
song_3,23,b1,160.287000,162.144600,160.070847153846,161.917001,-0.227599,161.803847,113.154,0.4838750,earlier_detected_accent,false
song_3,24,m3,165.860000,167.717600,165.219146153846,167.065300,-0.652300,167.111539,-46.239,0.0647116,earlier_detected_accent,false
song_3,25,s1,171.433000,173.290600,171.719373153846,173.565527,0.274927,173.573078,-7.551,0.1742749,later_detected_accent,false
song_3,26,m3,177.006000,178.863600,176.827763153846,178.673917,-0.189683,178.650001,23.916,0.0862262,earlier_detected_accent,false
song_4,0,m1,16.300000,18.436239,15.728154382146,17.864393,-0.571846,17.832730,31.663,0.3648487,earlier_detected_accent,false
song_4,1,s1,21.107000,23.243239,20.846522382146,22.982761,-0.260478,22.906297,76.464,0.3798861,earlier_detected_accent,false
song_4,2,m2,25.913000,28.049239,25.795275382146,27.931514,-0.117725,27.979863,-48.349,0.2731918,earlier_detected_accent,false
song_4,3,s2,30.720000,32.856239,30.719084382146,32.855323,-0.000916,32.786400,68.923,0.4777200,nearby_detected_accent,false
song_4,4,m3,35.527000,37.663239,35.458313382146,37.594552,-0.068687,37.592937,1.615,0.4677271,earlier_detected_accent,false
song_4,5,b1,40.333000,42.469239,39.738585382146,41.874824,-0.594415,41.865414,9.410,0.3571950,earlier_detected_accent,false
song_4,6,m2,45.140000,47.276239,45.106386382146,47.242625,-0.033614,47.206011,36.614,0.4296757,earlier_detected_accent,false
song_4,7,s2,49.946000,52.082239,49.611148382146,51.747387,-0.334852,51.745518,1.869,0.3705154,earlier_detected_accent,false
song_4,8,m3,54.753000,56.889239,54.764436382146,56.900675,0.011436,56.819085,81.590,0.5468973,nearby_detected_accent,false
song_4,9,b1,59.559000,61.695239,58.964889382146,61.101128,-0.594111,61.091562,9.566,0.4633157,earlier_detected_accent,false
song_4,10,s1,64.366000,66.502239,64.646975382146,66.783214,0.280975,66.699188,84.026,0.5690485,later_detected_accent,false
song_4,11,m3,69.172000,71.308239,69.376227382146,71.512466,0.204227,71.505725,6.741,0.3880400,later_detected_accent,false
song_4,12,m2,73.979000,76.115239,74.135411382146,76.271650,0.156411,76.312262,-40.612,0.3856643,later_detected_accent,false
song_4,13,b1,78.785000,80.921239,79.014322382146,81.150561,0.229322,81.118799,31.762,0.3776804,later_detected_accent,false
song_4,14,s2,83.592000,85.728239,83.524073382146,85.660312,-0.067927,85.658306,2.006,0.2966736,earlier_detected_accent,false
song_4,15,m3,88.398000,90.534239,88.647429382146,90.783668,0.249429,90.731873,51.795,0.4677829,later_detected_accent,false
song_4,16,ex1,93.205000,95.341239,92.773052382146,94.909291,-0.431948,95.004350,-95.059,0.3255083,earlier_detected_accent,false
song_4,17,m2,98.011000,100.147239,98.135864382146,100.272103,0.124864,100.344947,-72.844,0.2485134,later_detected_accent,false
song_4,18,b1,102.818000,104.954239,103.079628382146,105.215867,0.261628,105.151483,64.384,0.3903958,later_detected_accent,false
song_4,19,ex1,107.624000,109.760239,107.574413382146,109.710652,-0.049587,109.690991,19.661,0.4791204,earlier_detected_accent,false
song_4,20,s2,112.431000,114.567239,112.647882382146,114.784121,0.216882,114.764557,19.564,0.2589487,later_detected_accent,false
song_4,21,m3,117.238000,119.374239,117.412055382146,119.548294,0.174055,119.571094,-22.800,0.7186852,later_detected_accent,false
song_4,22,ex1,122.044000,124.180239,121.846975382146,123.983214,-0.197025,124.110601,-127.387,0.4684916,earlier_detected_accent,false
