song_id,index,pattern_id,source_target_sec,target_time_sec,delta_sec,start_time_sec,onset_strength,reason,human_verified
song_1,1,s1,3.42,2.978232,-0.441768,1.778232000000,0.4979155,actual_mp3_accent_and_late_capture_nonoverlap,false
song_1,2,m1,5.533,5.377778,-0.155222,4.177778000000,0.4938798,actual_mp3_accent_and_late_capture_nonoverlap,false
song_1,3,s2,7.646,7.024037,-0.621963,5.824037000000,0.3615098,actual_mp3_accent_and_late_capture_nonoverlap,false
song_1,4,m2,8.854,8.680272,-0.173728,7.480272000000,0.3577236,actual_mp3_accent_and_late_capture_nonoverlap,false
song_1,5,m1,10.363,10.291610,-0.071390,9.091610000000,0.6536829,actual_mp3_accent_and_late_capture_nonoverlap,false
song_1,6,s1,12.778,12.576418,-0.201582,11.376418000000,0.8030973,actual_mp3_accent_and_late_capture_nonoverlap,false
song_1,7,s1,15.193,14.975964,-0.217036,13.775964000000,0.7188102,actual_mp3_accent_and_late_capture_nonoverlap,false
song_1,8,m1,17.608,17.375511,-0.232489,16.175511000000,0.6322989,actual_mp3_accent_and_late_capture_nonoverlap,false
song_1,9,s2,18.815,19.775057,0.960057,18.575057000000,0.6832966,actual_mp3_accent_and_late_capture_nonoverlap,false
song_1,10,m2,21.23,22.174604,0.944604,20.974604000000,0.5698195,actual_mp3_accent_and_late_capture_nonoverlap,false
song_1,11,m1,24.852,24.574150,-0.277850,23.374150000000,0.4806975,actual_mp3_accent_and_late_capture_nonoverlap,false
song_1,12,s1,26.965,26.973696,0.008696,25.773696000000,0.5097950,actual_mp3_accent_and_late_capture_nonoverlap,false
song_1,13,s1,28.777,29.378232,0.601232,28.178232000000,0.6437563,actual_mp3_accent_and_late_capture_nonoverlap,false
song_1,14,m1,31.493,31.184127,-0.308873,29.984127000000,0.1682270,actual_mp3_accent_and_late_capture_nonoverlap,false
song_1,15,s2,33.606,32.975057,-0.630943,31.775057000000,0.3801989,actual_mp3_accent_and_late_capture_nonoverlap,false
song_1,16,m2,35.418,34.785941,-0.632059,33.585941000000,0.3565380,actual_mp3_accent_and_late_capture_nonoverlap,false
song_1,17,m1,36.625,36.576871,-0.048129,35.376871000000,0.7480699,actual_mp3_accent_and_late_capture_nonoverlap,false
song_1,18,s1,38.738,38.382767,-0.355233,37.182767000000,0.1488552,actual_mp3_accent_and_late_capture_nonoverlap,false
song_1,19,s1,40.549,40.183674,-0.365326,38.983674000000,0.0614443,actual_mp3_accent_and_late_capture_nonoverlap,false
song_1,20,m1,42.964,42.573243,-0.390757,41.373243000000,0.0610736,actual_mp3_accent_and_late_capture_nonoverlap,false
song_1,21,s2,45.379,44.982767,-0.396233,43.782767000000,0.0800111,actual_mp3_accent_and_late_capture_nonoverlap,false
song_1,22,m2,47.794,47.382313,-0.411687,46.182313000000,0.0994845,actual_mp3_accent_and_late_capture_nonoverlap,false
song_1,23,m1,49.605,49.472563,-0.132437,48.272563000000,0.0270726,actual_mp3_accent_and_late_capture_nonoverlap,false
song_1,24,s1,51.416,51.034014,-0.381986,49.834014000000,0.2001444,actual_mp3_accent_and_late_capture_nonoverlap,false
song_1,25,s1,54.435,53.433560,-1.001440,52.233560000000,0.2632896,actual_mp3_accent_and_late_capture_nonoverlap,false
song_1,26,m1,56.246,55.833107,-0.412893,54.633107000000,0.2976648,actual_mp3_accent_and_late_capture_nonoverlap,false
song_1,27,s2,58.661,58.232653,-0.428347,57.032653000000,0.2758517,actual_mp3_accent_and_late_capture_nonoverlap,false
song_1,28,m2,61.076,60.642177,-0.433823,59.442177000000,0.3437535,actual_mp3_accent_and_late_capture_nonoverlap,false
song_1,29,m1,63.49,63.041724,-0.448276,61.841724000000,0.3342622,actual_mp3_accent_and_late_capture_nonoverlap,false
song_1,30,s1,65.603,65.441270,-0.161730,64.241270000000,0.3351448,actual_mp3_accent_and_late_capture_nonoverlap,false
song_1,31,s1,67.113,67.177325,0.064325,65.977325000000,0.0202627,actual_mp3_accent_and_late_capture_nonoverlap,false
song_1,32,m1,68.32,68.983220,0.663220,67.783220000000,0.0814559,actual_mp3_accent_and_late_capture_nonoverlap,false
song_1,33,s2,70.735,70.784127,0.049127,69.584127000000,0.0439366,actual_mp3_accent_and_late_capture_nonoverlap,false
song_1,34,m2,73.754,73.782313,0.028313,72.582313000000,0.0690123,actual_mp3_accent_and_late_capture_nonoverlap,false
song_1,35,m1,76.772,76.191837,-0.580163,74.991837000000,0.0207030,actual_mp3_accent_and_late_capture_nonoverlap,false
song_1,36,s1,78.583,77.992744,-0.590256,76.792744000000,0.3122218,actual_mp3_accent_and_late_capture_nonoverlap,false
song_1,37,s1,79.791,79.773696,-0.017304,78.573696000000,0.4769876,actual_mp3_accent_and_late_capture_nonoverlap,false
song_1,38,m1,81.602,82.178232,0.576232,80.978232000000,0.4270098,actual_mp3_accent_and_late_capture_nonoverlap,false
song_1,39,s2,84.621,84.577778,-0.043222,83.377778000000,0.5309844,actual_mp3_accent_and_late_capture_nonoverlap,false
song_1,40,m2,86.432,86.977325,0.545325,85.777325000000,0.7828835,actual_mp3_accent_and_late_capture_nonoverlap,false
song_1,41,m1,89.149,89.376871,0.227871,88.176871000000,0.7226287,actual_mp3_accent_and_late_capture_nonoverlap,false
song_1,42,s1,91.262,91.776418,0.514418,90.576418000000,0.7832696,actual_mp3_accent_and_late_capture_nonoverlap,false
song_1,43,s1,92.469,93.876644,1.407644,92.676644000000,0.4763485,actual_mp3_accent_and_late_capture_nonoverlap,false
song_1,44,m1,96.091,95.976871,-0.114129,94.776871000000,0.3297453,actual_mp3_accent_and_late_capture_nonoverlap,false
song_1,45,s2,98.506,97.772789,-0.733211,96.572789000000,0.2638804,actual_mp3_accent_and_late_capture_nonoverlap,false
song_1,46,m2,99.714,99.573696,-0.140304,98.373696000000,0.3239919,actual_mp3_accent_and_late_capture_nonoverlap,false
song_1,47,m1,102.128,101.374604,-0.753396,100.174604000000,0.5463274,actual_mp3_accent_and_late_capture_nonoverlap,false
song_1,48,s1,103.94,103.774150,-0.165850,102.574150000000,0.5891299,actual_mp3_accent_and_late_capture_nonoverlap,false
song_1,49,s1,106.958,106.178685,-0.779315,104.978685000000,0.5862407,actual_mp3_accent_and_late_capture_nonoverlap,false
song_1,50,m1,108.769,108.573243,-0.195757,107.373243000000,0.4607705,actual_mp3_accent_and_late_capture_nonoverlap,false
song_1,51,s2,111.184,110.977778,-0.206222,109.777778000000,0.5170933,actual_mp3_accent_and_late_capture_nonoverlap,false
song_1,52,m2,113.599,113.377325,-0.221675,112.177325000000,0.6820453,actual_mp3_accent_and_late_capture_nonoverlap,false
song_1,53,m1,115.41,115.776871,0.366871,114.576871000000,0.7461869,actual_mp3_accent_and_late_capture_nonoverlap,false
song_1,54,s1,116.618,117.592744,0.974744,116.392744000000,0.0553916,actual_mp3_accent_and_late_capture_nonoverlap,false
song_1,55,s1,119.033,119.383674,0.350674,118.183674000000,0.0008471,actual_mp3_accent_and_late_capture_nonoverlap,false
song_1,56,m1,122.051,122.341950,0.290950,121.141950000000,0.1642734,actual_mp3_accent_and_late_capture_nonoverlap,false
song_1,57,s2,123.259,123.903402,0.644402,122.703402000000,0.8015925,actual_mp3_accent_and_late_capture_nonoverlap,false
song_1,58,m2,125.975,126.292971,0.317971,125.092971000000,0.6042166,actual_mp3_accent_and_late_capture_nonoverlap,false
song_1,59,m1,128.39,128.612699,0.222699,127.412699000000,0.7563010,actual_mp3_accent_and_late_capture_nonoverlap,false
song_1,60,s1,129.9,130.184127,0.284127,128.984127000000,0.0171749,actual_mp3_accent_and_late_capture_nonoverlap,false
song_1,61,s1,132.314,131.955102,-0.358898,130.755102000000,0.3152390,actual_mp3_accent_and_late_capture_nonoverlap,false
song_1,62,m1,133.522,133.526531,0.004531,132.326531000000,0.4958806,actual_mp3_accent_and_late_capture_nonoverlap,false
song_1,63,s2,136.239,135.811338,-0.427662,134.611338000000,0.6764540,actual_mp3_accent_and_late_capture_nonoverlap,false
song_1,64,m2,138.05,138.255783,0.205783,137.055783000000,0.4982535,actual_mp3_accent_and_late_capture_nonoverlap,false
song_2,1,m1,3.444,2.758730,-0.685270,1.086893271129,0.2170008,actual_mp3_accent_and_late_capture_nonoverlap,false
song_2,2,s1,5.116,4.868935,-0.247065,3.197098271129,0.1827010,actual_mp3_accent_and_late_capture_nonoverlap,false
song_2,3,m2,6.787,6.944218,0.157218,5.272381271129,0.1733973,actual_mp3_accent_and_late_capture_nonoverlap,false
song_2,4,s2,10.131,9.054422,-1.076578,7.382585271129,0.3072869,actual_mp3_accent_and_late_capture_nonoverlap,false
song_2,5,m1,12.221,11.119728,-1.101272,9.447891271129,0.2446431,actual_mp3_accent_and_late_capture_nonoverlap,false
song_2,6,m3,13.893,13.214966,-0.678034,11.543129271129,0.2839148,actual_mp3_accent_and_late_capture_nonoverlap,false
song_2,7,m1,15.564,15.305216,-0.258784,13.633379271129,0.3060557,actual_mp3_accent_and_late_capture_nonoverlap,false
song_2,8,s1,18.49,17.395465,-1.094535,15.723628271129,0.1386114,actual_mp3_accent_and_late_capture_nonoverlap,false
song_2,9,m2,20.162,19.480726,-0.681274,17.808889271129,0.2023253,actual_mp3_accent_and_late_capture_nonoverlap,false
song_2,10,s2,21.834,21.565987,-0.268013,19.894150271129,0.1526411,actual_mp3_accent_and_late_capture_nonoverlap,false
song_2,11,m1,23.506,23.661225,0.155225,21.989388271129,0.3394462,actual_mp3_accent_and_late_capture_nonoverlap,false
song_2,12,m3,25.178,25.781406,0.603406,24.109569271129,0.2694524,actual_mp3_accent_and_late_capture_nonoverlap,false
song_2,13,m1,28.521,27.831746,-0.689254,26.159909271129,0.1688368,actual_mp3_accent_and_late_capture_nonoverlap,false
song_2,14,s1,30.193,29.921996,-0.271004,28.250159271129,0.2019727,actual_mp3_accent_and_late_capture_nonoverlap,false
song_2,15,m2,31.865,31.992291,0.127291,30.320454271129,0.5743445,actual_mp3_accent_and_late_capture_nonoverlap,false
song_2,16,s2,35.209,34.127438,-1.081562,32.455601271129,0.3604439,actual_mp3_accent_and_late_capture_nonoverlap,false
song_2,17,m1,36.88,36.826304,-0.053696,35.154467271129,0.3900847,actual_mp3_accent_and_late_capture_nonoverlap,false
song_2,18,m3,38.552,38.911565,0.359565,37.239728271129,0.4807663,actual_mp3_accent_and_late_capture_nonoverlap,false
song_2,19,m1,41.896,41.011792,-0.884208,39.339955271129,0.4021119,actual_mp3_accent_and_late_capture_nonoverlap,false
song_2,20,s1,43.568,43.097052,-0.470948,41.425215271129,0.1857676,actual_mp3_accent_and_late_capture_nonoverlap,false
song_2,21,m2,45.24,45.152381,-0.087619,43.480544271129,0.1648851,actual_mp3_accent_and_late_capture_nonoverlap,false
song_2,22,s2,46.911,47.257597,0.346597,45.585760271129,0.4721020,actual_mp3_accent_and_late_capture_nonoverlap,false
song_2,23,m1,50.255,49.582313,-0.672687,47.910476271129,0.3762592,actual_mp3_accent_and_late_capture_nonoverlap,false
song_2,24,m3,51.927,51.632653,-0.294347,49.960816271129,0.4386960,actual_mp3_accent_and_late_capture_nonoverlap,false
song_2,25,m1,54.017,53.952381,-0.064619,52.280544271129,0.2428795,actual_mp3_accent_and_late_capture_nonoverlap,false
song_2,26,s1,55.689,56.237189,0.548189,54.565352271129,0.3403597,actual_mp3_accent_and_late_capture_nonoverlap,false
song_2,27,m2,58.614,58.561905,-0.052095,56.890068271129,0.3024460,actual_mp3_accent_and_late_capture_nonoverlap,false
song_2,28,s2,60.286,60.836735,0.550735,59.164898271129,0.2232248,actual_mp3_accent_and_late_capture_nonoverlap,false
song_2,29,m1,63.212,62.931973,-0.280027,61.260136271129,0.3749566,actual_mp3_accent_and_late_capture_nonoverlap,false
song_2,30,m3,64.884,65.032200,0.148200,63.360363271129,0.2538912,actual_mp3_accent_and_late_capture_nonoverlap,false
song_2,31,m1,66.973,67.137415,0.164415,65.465578271129,0.2370979,actual_mp3_accent_and_late_capture_nonoverlap,false
song_2,32,s1,68.645,69.192744,0.547744,67.520907271129,0.1583323,actual_mp3_accent_and_late_capture_nonoverlap,false
song_2,33,m2,71.571,71.322903,-0.248097,69.651066271129,0.1817083,actual_mp3_accent_and_late_capture_nonoverlap,false
song_2,34,s2,73.661,73.398186,-0.262814,71.726349271129,0.1031464,actual_mp3_accent_and_late_capture_nonoverlap,false
song_2,35,m1,75.333,75.448526,0.115526,73.776689271129,0.1526859,actual_mp3_accent_and_late_capture_nonoverlap,false
song_2,36,m3,77.004,77.578685,0.574685,75.906848271129,0.1620036,actual_mp3_accent_and_late_capture_nonoverlap,false
song_2,37,m1,79.93,79.683901,-0.246099,78.012064271129,0.1298323,actual_mp3_accent_and_late_capture_nonoverlap,false
song_2,38,s1,81.602,81.754195,0.152195,80.082358271129,0.1642799,actual_mp3_accent_and_late_capture_nonoverlap,false
song_2,39,m2,83.692,83.849433,0.157433,82.177596271129,0.2198267,actual_mp3_accent_and_late_capture_nonoverlap,false
song_2,40,s2,86.618,85.919728,-0.698272,84.247891271129,0.4365395,actual_mp3_accent_and_late_capture_nonoverlap,false
song_2,41,m1,88.289,88.044898,-0.244102,86.373061271129,0.2216974,actual_mp3_accent_and_late_capture_nonoverlap,false
song_2,42,m3,90.379,90.130159,-0.248841,88.458322271129,0.1698327,actual_mp3_accent_and_late_capture_nonoverlap,false
song_2,43,m1,92.051,92.215420,0.164420,90.543583271129,0.4563110,actual_mp3_accent_and_late_capture_nonoverlap,false
song_2,44,s1,93.723,94.260771,0.537771,92.588934271129,0.3491380,actual_mp3_accent_and_late_capture_nonoverlap,false
song_2,45,m2,96.231,96.380953,0.149953,94.709116271129,0.1399696,actual_mp3_accent_and_late_capture_nonoverlap,false
song_2,46,s2,98.32,98.496145,0.176145,96.824308271129,0.3454596,actual_mp3_accent_and_late_capture_nonoverlap,false
song_2,47,m1,100.41,100.581406,0.171406,98.909569271129,0.4505022,actual_mp3_accent_and_late_capture_nonoverlap,false
song_2,48,m3,102.082,102.706576,0.624576,101.034739271129,0.4032620,actual_mp3_accent_and_late_capture_nonoverlap,false
song_2,49,m1,105.426,105.375511,-0.050489,103.703674271129,0.3136110,actual_mp3_accent_and_late_capture_nonoverlap,false
song_2,50,s1,107.098,107.450794,0.352794,105.778957271129,0.6622400,actual_mp3_accent_and_late_capture_nonoverlap,false
song_2,51,m2,108.769,109.496145,0.727145,107.824308271129,0.4971704,actual_mp3_accent_and_late_capture_nonoverlap,false
song_2,52,s2,112.113,111.641270,-0.471730,109.969433271129,0.1742123,actual_mp3_accent_and_late_capture_nonoverlap,false
song_2,53,m1,113.785,113.746486,-0.038514,112.074649271129,0.1344993,actual_mp3_accent_and_late_capture_nonoverlap,false
song_2,54,m3,115.457,115.796826,0.339826,114.124989271129,0.4856389,actual_mp3_accent_and_late_capture_nonoverlap,false
song_2,55,m1,117.129,117.921996,0.792996,116.250159271129,0.3453291,actual_mp3_accent_and_late_capture_nonoverlap,false
song_2,56,s1,120.472,119.992291,-0.479709,118.320454271129,0.3495043,actual_mp3_accent_and_late_capture_nonoverlap,false
song_2,57,m2,122.144,122.092517,-0.051483,120.420680271129,0.0774281,actual_mp3_accent_and_late_capture_nonoverlap,false
song_2,58,s2,123.816,124.177778,0.361778,122.505941271129,0.0931390,actual_mp3_accent_and_late_capture_nonoverlap,false
song_2,59,m1,125.488,126.268028,0.780028,124.596191271129,0.2587456,actual_mp3_accent_and_late_capture_nonoverlap,false
song_2,60,m3,128.831,128.338322,-0.492678,126.666485271129,0.1433669,actual_mp3_accent_and_late_capture_nonoverlap,false
song_2,61,m1,130.503,130.483447,-0.019553,128.811610271129,0.2735193,actual_mp3_accent_and_late_capture_nonoverlap,false
song_2,62,s1,132.175,132.553742,0.378742,130.881905271129,0.2474145,actual_mp3_accent_and_late_capture_nonoverlap,false
song_2,63,m2,133.847,134.858504,1.011504,133.186667271129,0.1981705,actual_mp3_accent_and_late_capture_nonoverlap,false
song_2,64,s2,137.191,136.923810,-0.267190,135.251973271129,0.0147214,actual_mp3_accent_and_late_capture_nonoverlap,false
song_3,1,s1,1.958,2.075284,0.117284,0.229130153846,0.1144368,actual_mp3_accent_and_late_capture_nonoverlap,false
song_3,2,m2,5.673,5.582313,-0.090687,3.736159153846,0.3522547,actual_mp3_accent_and_late_capture_nonoverlap,false
song_3,3,s2,9.388,8.780046,-0.607954,6.933892153846,0.1383444,actual_mp3_accent_and_late_capture_nonoverlap,false
song_3,4,m3,11.246,11.124717,-0.121283,9.278563153846,0.2895545,actual_mp3_accent_and_late_capture_nonoverlap,false
song_3,5,b1,14.961,14.551928,-0.409072,12.705774153846,0.1477260,actual_mp3_accent_and_late_capture_nonoverlap,false
song_3,6,m2,16.818,16.876644,0.058644,15.030490153846,0.3923812,actual_mp3_accent_and_late_capture_nonoverlap,false
song_3,7,s1,18.676,19.186395,0.510395,17.340241153846,0.2378876,actual_mp3_accent_and_late_capture_nonoverlap,false
song_3,8,s1,22.391,22.404082,0.013082,20.557928153846,0.3194221,actual_mp3_accent_and_late_capture_nonoverlap,false
song_3,9,m2,24.249,24.723810,0.474810,22.877656153846,0.2587113,actual_mp3_accent_and_late_capture_nonoverlap,false
song_3,10,s2,27.964,27.707030,-0.256970,25.860876153846,0.4707139,actual_mp3_accent_and_late_capture_nonoverlap,false
song_3,11,m3,31.679,30.954649,-0.724351,29.108495153846,0.5909893,actual_mp3_accent_and_late_capture_nonoverlap,false
song_3,12,b1,33.537,33.259411,-0.277589,31.413257153846,0.3153954,actual_mp3_accent_and_late_capture_nonoverlap,false
song_3,13,m2,35.394,35.569161,0.175161,33.723007153846,0.6555108,actual_mp3_accent_and_late_capture_nonoverlap,false
song_3,14,s1,39.11,39.260771,0.150771,37.414617153846,0.6743624,actual_mp3_accent_and_late_capture_nonoverlap,false
song_3,15,s1,42.36,42.024490,-0.335510,40.178336153846,0.5473920,actual_mp3_accent_and_late_capture_nonoverlap,false
song_3,16,m2,44.682,44.334241,-0.347759,42.488087153846,0.5816236,actual_mp3_accent_and_late_capture_nonoverlap,false
song_3,17,s2,46.54,47.332427,0.792427,45.486273153846,0.6825884,actual_mp3_accent_and_late_capture_nonoverlap,false
song_3,18,m3,50.255,50.106123,-0.148877,48.259969153846,0.3938176,actual_mp3_accent_and_late_capture_nonoverlap,false
song_3,19,b1,52.113,52.410885,0.297885,50.564731153846,0.7450026,actual_mp3_accent_and_late_capture_nonoverlap,false
song_3,20,m2,53.97,54.715647,0.745647,52.869493153846,0.5030337,actual_mp3_accent_and_late_capture_nonoverlap,false
song_3,21,s1,59.079,59.100681,0.021681,57.254527153846,0.7838373,actual_mp3_accent_and_late_capture_nonoverlap,false
song_3,22,s1,61.865,61.869388,0.004388,60.023234153846,0.2839266,actual_mp3_accent_and_late_capture_nonoverlap,false
song_3,23,m2,64.187,64.179139,-0.007861,62.332985153846,0.7546435,actual_mp3_accent_and_late_capture_nonoverlap,false
song_3,24,s2,67.438,67.177325,-0.260675,65.331171153846,0.4969449,actual_mp3_accent_and_late_capture_nonoverlap,false
song_3,25,m3,69.76,69.487075,-0.272925,67.640921153846,0.7170420,actual_mp3_accent_and_late_capture_nonoverlap,false
song_3,26,b1,71.617,71.991384,0.374384,70.145230153846,0.4946027,actual_mp3_accent_and_late_capture_nonoverlap,false
song_3,27,m2,74.404,74.331066,-0.072934,72.484912153846,0.5122128,actual_mp3_accent_and_late_capture_nonoverlap,false
song_3,28,s1,76.261,76.870295,0.609295,75.024141153846,0.5705003,actual_mp3_accent_and_late_capture_nonoverlap,false
song_3,29,s1,79.977,79.619048,-0.357952,77.772894153846,0.4254890,actual_mp3_accent_and_late_capture_nonoverlap,false
song_3,30,m2,81.834,81.948753,0.114753,80.102599153846,0.7115040,actual_mp3_accent_and_late_capture_nonoverlap,false
song_3,31,s2,85.549,84.956916,-0.592084,83.110762153846,0.4569480,actual_mp3_accent_and_late_capture_nonoverlap,false
song_3,32,m3,87.407,87.715647,0.308647,85.869493153846,0.3624407,actual_mp3_accent_and_late_capture_nonoverlap,false
song_3,33,b1,91.122,90.494331,-0.627669,88.648177153846,0.3776025,actual_mp3_accent_and_late_capture_nonoverlap,false
song_3,34,m2,92.98,92.789116,-0.190884,90.942962153846,0.3395280,actual_mp3_accent_and_late_capture_nonoverlap,false
song_3,35,s1,94.837,95.827211,0.990211,93.981057153846,0.4662504,actual_mp3_accent_and_late_capture_nonoverlap,false
song_3,36,s1,98.553,98.560998,0.007998,96.714844153846,0.2029817,actual_mp3_accent_and_late_capture_nonoverlap,false
song_3,37,m2,102.268,102.028118,-0.239882,100.181964153846,0.2076620,actual_mp3_accent_and_late_capture_nonoverlap,false
song_3,38,s2,105.054,105.255783,0.201783,103.409629153846,0.5349970,actual_mp3_accent_and_late_capture_nonoverlap,false
song_3,39,m3,107.376,107.565533,0.189533,105.719379153846,0.4223576,actual_mp3_accent_and_late_capture_nonoverlap,false
song_3,40,b1,109.698,109.870295,0.172295,108.024141153846,0.5892839,actual_mp3_accent_and_late_capture_nonoverlap,false
song_3,41,m2,111.556,112.185034,0.629034,110.338880153846,0.6278252,actual_mp3_accent_and_late_capture_nonoverlap,false
song_3,42,s1,115.271,115.183220,-0.087780,113.337066153846,0.6688126,actual_mp3_accent_and_late_capture_nonoverlap,false
song_3,43,s1,118.986,118.181406,-0.804594,116.335252153846,0.6036631,actual_mp3_accent_and_late_capture_nonoverlap,false
song_3,44,m2,120.844,121.179592,0.335592,119.333438153846,0.6836350,actual_mp3_accent_and_late_capture_nonoverlap,false
song_3,45,s2,124.559,124.447166,-0.111834,122.601012153846,0.5002441,actual_mp3_accent_and_late_capture_nonoverlap,false
song_3,46,m3,127.345,126.717007,-0.627993,124.870853153846,0.4780737,actual_mp3_accent_and_late_capture_nonoverlap,false
song_3,47,b1,129.203,129.256236,0.053236,127.410082153846,0.5244882,actual_mp3_accent_and_late_capture_nonoverlap,false
song_3,48,m2,131.989,132.024944,0.035944,130.178790153846,0.3574114,actual_mp3_accent_and_late_capture_nonoverlap,false
song_3,49,s1,133.847,134.369615,0.522615,132.523461153846,0.3361542,actual_mp3_accent_and_late_capture_nonoverlap,false
song_3,50,s1,138.027,138.026304,-0.000696,136.180150153846,0.7689258,actual_mp3_accent_and_late_capture_nonoverlap,false
song_3,51,m2,140.349,140.530613,0.181613,138.684459153846,0.6109471,actual_mp3_accent_and_late_capture_nonoverlap,false
song_3,52,s2,143.599,143.094785,-0.504215,141.248631153846,0.2750841,actual_mp3_accent_and_late_capture_nonoverlap,false
song_3,53,m3,145.457,145.409524,-0.047476,143.563370153846,0.7339486,actual_mp3_accent_and_late_capture_nonoverlap,false
song_3,54,b1,147.779,147.719275,-0.059725,145.873121153846,0.6267330,actual_mp3_accent_and_late_capture_nonoverlap,false
song_3,55,m2,151.03,150.717461,-0.312539,148.871307153846,0.6672143,actual_mp3_accent_and_late_capture_nonoverlap,false
song_3,56,s1,154.28,153.451247,-0.828753,151.605093153846,0.6282750,actual_mp3_accent_and_late_capture_nonoverlap,false
song_3,57,s1,156.138,155.795919,-0.342081,153.949765153846,0.6175969,actual_mp3_accent_and_late_capture_nonoverlap,false
song_3,58,m2,157.996,158.100681,0.104681,156.254527153846,0.5522538,actual_mp3_accent_and_late_capture_nonoverlap,false
song_3,59,s2,162.175,162.490703,0.315703,160.644549153846,0.4825363,actual_mp3_accent_and_late_capture_nonoverlap,false
song_3,60,m3,165.426,165.708390,0.282390,163.862236153846,0.0520867,actual_mp3_accent_and_late_capture_nonoverlap,false
song_3,61,b1,167.284,168.043084,0.759084,166.196930153846,0.3465985,actual_mp3_accent_and_late_capture_nonoverlap,false
song_3,62,m2,169.141,170.322903,1.181903,168.476749153846,0.2211590,actual_mp3_accent_and_late_capture_nonoverlap,false
song_3,63,s1,172.856,173.565533,0.709533,171.719379153846,0.2936247,actual_mp3_accent_and_late_capture_nonoverlap,false
song_3,64,s1,176.572,176.124717,-0.447283,174.278563153846,0.1023062,actual_mp3_accent_and_late_capture_nonoverlap,false
song_3,65,m2,178.429,178.429479,0.000479,176.583325153846,0.1014880,actual_mp3_accent_and_late_capture_nonoverlap,false
song_3,66,s2,180.287,180.709297,0.422297,178.863143153846,0.0330795,actual_mp3_accent_and_late_capture_nonoverlap,false
song_3,67,m3,182.144,183.024037,0.880037,181.177883153846,0.0009570,actual_mp3_accent_and_late_capture_nonoverlap,false
song_3,68,b1,185.86,185.802721,-0.057279,183.956567153846,0.0004832,actual_mp3_accent_and_late_capture_nonoverlap,false
song_4,1,m1,3.75,3.252608,-0.497392,2.184490083894,0.1689722,actual_mp3_accent_and_late_capture_nonoverlap,false
song_4,2,s1,5.085,4.863946,-0.221054,3.795828083894,0.0852170,actual_mp3_accent_and_late_capture_nonoverlap,false
song_4,3,m2,6.153,6.435374,0.282374,5.367256083894,0.2836812,actual_mp3_accent_and_late_capture_nonoverlap,false
song_4,4,s2,9.358,8.869842,-0.488158,7.801724083894,0.0662200,actual_mp3_accent_and_late_capture_nonoverlap,false
song_4,5,m3,10.426,10.496145,0.070145,9.428027083894,0.3056882,actual_mp3_accent_and_late_capture_nonoverlap,false
song_4,6,b1,13.096,13.170068,0.074068,12.101950083894,0.8109420,actual_mp3_accent_and_late_capture_nonoverlap,false
song_4,7,m3,14.698,15.040817,0.342817,13.972699083894,0.6821570,actual_mp3_accent_and_late_capture_nonoverlap,false
song_4,8,m1,16.3,16.637189,0.337189,15.569071083894,0.6832141,actual_mp3_accent_and_late_capture_nonoverlap,false
song_4,9,s1,17.369,18.228572,0.859572,17.160454083894,0.3140907,actual_mp3_accent_and_late_capture_nonoverlap,false
song_4,10,m2,20.84,20.673016,-0.166984,19.604898083894,0.5049523,actual_mp3_accent_and_late_capture_nonoverlap,false
song_4,11,s2,22.442,22.284354,-0.157646,21.216236083894,0.5598913,actual_mp3_accent_and_late_capture_nonoverlap,false
song_4,12,m3,24.311,23.845805,-0.465195,22.777687083894,0.5311960,actual_mp3_accent_and_late_capture_nonoverlap,false
song_4,13,b1,25.646,25.422223,-0.223777,24.354105083894,0.5551734,actual_mp3_accent_and_late_capture_nonoverlap,false
song_4,14,m3,26.715,27.023583,0.308583,25.955465083894,0.4284715,actual_mp3_accent_and_late_capture_nonoverlap,false
song_4,15,m1,29.118,28.629932,-0.488068,27.561814083894,0.6243289,actual_mp3_accent_and_late_capture_nonoverlap,false
song_4,16,s1,30.72,31.054422,0.334422,29.986304083894,0.7302511,actual_mp3_accent_and_late_capture_nonoverlap,false
song_4,17,m2,32.322,32.630839,0.308839,31.562721083894,0.5569321,actual_mp3_accent_and_late_capture_nonoverlap,false
song_4,18,s2,34.458,34.242177,-0.215823,33.174059083894,0.5059133,actual_mp3_accent_and_late_capture_nonoverlap,false
song_4,19,m3,36.595,36.651701,0.056701,35.583583083894,0.6584193,actual_mp3_accent_and_late_capture_nonoverlap,false
song_4,20,b1,38.197,38.502495,0.305495,37.434377083894,0.7418240,actual_mp3_accent_and_late_capture_nonoverlap,false
song_4,21,m3,41.668,41.720182,0.052182,40.652064083894,0.5116206,actual_mp3_accent_and_late_capture_nonoverlap,false
song_4,22,m1,43.27,43.311565,0.041565,42.243447083894,0.6312766,actual_mp3_accent_and_late_capture_nonoverlap,false
song_4,23,s1,45.407,44.937869,-0.469131,43.869751083894,0.5258104,actual_mp3_accent_and_late_capture_nonoverlap,false
song_4,24,m2,47.009,47.342404,0.333404,46.274286083894,0.5225831,actual_mp3_accent_and_late_capture_nonoverlap,false
song_4,25,s2,49.145,49.193198,0.048198,48.125080083894,0.4638962,actual_mp3_accent_and_late_capture_nonoverlap,false
song_4,26,m3,51.014,51.068935,0.054935,50.000817083894,0.5404870,actual_mp3_accent_and_late_capture_nonoverlap,false
song_4,27,b1,52.082,52.665306,0.583306,51.597188083894,0.8174255,actual_mp3_accent_and_late_capture_nonoverlap,false
song_4,28,ex1,53.15,54.536055,1.386055,53.467937083894,0.4611713,actual_mp3_accent_and_late_capture_nonoverlap,false
song_4,29,m1,56.355,56.666213,0.311213,55.598095083894,0.6174911,actual_mp3_accent_and_late_capture_nonoverlap,false
song_4,30,s1,57.423,58.317461,0.894461,57.249343083894,0.6612089,actual_mp3_accent_and_late_capture_nonoverlap,false
song_4,31,m2,59.559,60.148300,0.589300,59.080182083894,0.3600818,actual_mp3_accent_and_late_capture_nonoverlap,false
song_4,32,s2,62.497,62.547846,0.050846,61.479728083894,0.7528350,actual_mp3_accent_and_late_capture_nonoverlap,false
song_4,33,m3,64.099,64.184127,0.085127,63.116009083894,0.4216061,actual_mp3_accent_and_late_capture_nonoverlap,false
song_4,34,b1,65.167,65.770522,0.603522,64.702404083894,0.4797930,actual_mp3_accent_and_late_capture_nonoverlap,false
song_4,35,ex1,66.769,67.611338,0.842338,66.543220083894,0.2813060,actual_mp3_accent_and_late_capture_nonoverlap,false
song_4,36,m1,69.973,70.584581,0.611581,69.516463083894,0.6253490,actual_mp3_accent_and_late_capture_nonoverlap,false
song_4,37,s1,71.843,72.160998,0.317998,71.092880083894,0.6039515,actual_mp3_accent_and_late_capture_nonoverlap,false
song_4,38,m2,73.445,73.797279,0.352279,72.729161083894,0.5899910,actual_mp3_accent_and_late_capture_nonoverlap,false
song_4,39,s2,75.581,75.398640,-0.182360,74.330522083894,0.4036600,actual_mp3_accent_and_late_capture_nonoverlap,false
song_4,40,m3,77.717,76.980046,-0.736954,75.911928083894,0.7628395,actual_mp3_accent_and_late_capture_nonoverlap,false
song_4,41,b1,78.785,78.561452,-0.223548,77.493334083894,0.2933313,actual_mp3_accent_and_late_capture_nonoverlap,false
song_4,42,ex1,79.853,80.187755,0.334755,79.119637083894,0.3933906,actual_mp3_accent_and_late_capture_nonoverlap,false
song_4,43,m1,83.325,82.841724,-0.483276,81.773606083894,0.7757695,actual_mp3_accent_and_late_capture_nonoverlap,false
song_4,44,s1,84.393,84.468028,0.075028,83.399910083894,0.3860627,actual_mp3_accent_and_late_capture_nonoverlap,false
song_4,45,m2,86.529,86.548300,0.019300,85.480182083894,0.7695106,actual_mp3_accent_and_late_capture_nonoverlap,false
song_4,46,s2,88.665,88.483901,-0.181099,87.415783083894,0.6876044,actual_mp3_accent_and_late_capture_nonoverlap,false
song_4,47,m3,90.268,90.050340,-0.217660,88.982222083894,0.5549452,actual_mp3_accent_and_late_capture_nonoverlap,false
song_4,48,b1,91.603,92.205443,0.602443,91.137325083894,0.3946030,actual_mp3_accent_and_late_capture_nonoverlap,false
song_4,49,ex1,94.273,94.624944,0.351944,93.556826083894,0.5191586,actual_mp3_accent_and_late_capture_nonoverlap,false
song_4,50,m1,96.409,96.206350,-0.202650,95.138232083894,0.3571203,actual_mp3_accent_and_late_capture_nonoverlap,false
song_4,51,s1,98.011,97.812699,-0.198301,96.744581083894,0.2958073,actual_mp3_accent_and_late_capture_nonoverlap,false
song_4,52,m2,99.08,99.399093,0.319093,98.330975083894,0.1200968,actual_mp3_accent_and_late_capture_nonoverlap,false
song_4,53,s2,102.284,102.372336,0.088336,101.304218083894,0.5340240,actual_mp3_accent_and_late_capture_nonoverlap,false
song_4,54,m3,104.153,103.968708,-0.184292,102.900590083894,0.4826640,actual_mp3_accent_and_late_capture_nonoverlap,false
song_4,55,b1,105.755,105.555102,-0.199898,104.486984083894,0.5718466,actual_mp3_accent_and_late_capture_nonoverlap,false
song_4,56,ex1,106.823,107.116554,0.293554,106.048436083894,0.4863332,actual_mp3_accent_and_late_capture_nonoverlap,false
song_4,57,m1,109.494,110.064853,0.570853,108.996735083894,0.4559344,actual_mp3_accent_and_late_capture_nonoverlap,false
song_4,58,s1,111.897,111.606350,-0.290650,110.538232083894,0.7727775,actual_mp3_accent_and_late_capture_nonoverlap,false
song_4,59,m2,112.965,113.287529,0.322529,112.219411083894,0.7104066,actual_mp3_accent_and_late_capture_nonoverlap,false
song_4,60,s2,115.101,114.918821,-0.182179,113.850703083894,0.5770793,actual_mp3_accent_and_late_capture_nonoverlap,false
song_4,61,m3,117.238,117.253515,0.015515,116.185397083894,0.8326250,actual_mp3_accent_and_late_capture_nonoverlap,false
song_4,62,b1,118.306,118.864853,0.558853,117.796735083894,0.6548744,actual_mp3_accent_and_late_capture_nonoverlap,false
song_4,63,ex1,120.442,120.755556,0.313556,119.687438083894,0.5544621,actual_mp3_accent_and_late_capture_nonoverlap,false
song_4,64,m1,122.845,122.371882,-0.473118,121.303764083894,0.6021493,actual_mp3_accent_and_late_capture_nonoverlap,false
song_4,65,s1,123.913,123.983220,0.070220,122.915102083894,0.6957379,actual_mp3_accent_and_late_capture_nonoverlap,false
song_4,66,m2,125.515,125.569615,0.054615,124.501497083894,0.3845229,actual_mp3_accent_and_late_capture_nonoverlap,false
song_4,67,s2,127.919,127.440363,-0.478637,126.372245083894,0.1364852,actual_mp3_accent_and_late_capture_nonoverlap,false
song_4,68,m3,128.987,129.041724,0.054724,127.973606083894,0.0205442,actual_mp3_accent_and_late_capture_nonoverlap,false
