song_id,start_time_sec,end_time_sec,level
song_1,0,12,LOW
song_1,12,36,MEDIUM
song_1,36,47,HIGH
song_1,47,62,LOW
song_1,62,86,MEDIUM
song_1,86,112,HIGH
song_1,112,124,LOW
song_1,124,137,CLIMAX
song_1,137,140.435944,LOW
song_2,0,20,LOW
song_2,20,52,MEDIUM
song_2,52,70,HIGH
song_2,70,84,LOW
song_2,84,106,MEDIUM
song_2,106,132,HIGH
song_2,132,138.5,LOW
song_3,0,14,LOW
song_3,14,53,MEDIUM
song_3,53,89,HIGH
song_3,89,101,LOW
song_3,101,147,HIGH
song_3,147,173.5,CLIMAX
song_3,173.5,188.34285,LOW
song_4,0,9,LOW
song_4,9,29,MEDIUM
song_4,29,49,HIGH
song_4,49,58,LOW
song_4,58,87,HIGH
song_4,87,104,MEDIUM
song_4,104,126,CLIMAX
song_4,126,131.683258,LOW
